Date,demand
2010-01-01,0.5772583058712105
2010-01-02,0.7948135581395077
2010-01-03,0.7778904935618848
2010-01-04,0.8139322064569645
2010-01-05,1.026419933343682
2010-01-06,0.9947451693556248
2010-01-07,1.0181088581406994
2010-01-08,0.9935261875522188
2010-01-09,0.8957637282166621
2010-01-10,0.9858876645846696
2010-01-11,1.0119506007718932
2010-01-12,1.0954000199709693
2010-01-13,1.1319427919299372
2010-01-14,1.0813325769946491
2010-01-15,1.0990646132395685
2010-01-16,1.0568149018849535
2010-01-17,0.9073835776497436
2010-01-18,1.152319654308279
2010-01-19,1.2987284229897291
2010-01-20,1.0698646904113849
2010-01-21,1.1734149489647252
2010-01-22,1.1528965180947022
2010-01-23,0.9200333407987384
2010-01-24,0.9841449384215616
2010-01-25,1.206674866813747
2010-01-26,1.0923717669300534
2010-01-27,1.2095600548355905
2010-01-28,1.2032700372549374
2010-01-29,1.2083394702579433
2010-01-30,1.10844031088065
2010-01-31,1.0841955213460404
2010-02-01,1.235968686515437
2010-02-02,1.2102138912215012
2010-02-03,1.2114809013879957
2010-02-04,1.2582844894191048
2010-02-05,1.180669829175881
2010-02-06,0.9987173488030704
2010-02-07,1.089613970064697
2010-02-08,1.3099397279863465
2010-02-09,1.214751383569787
2010-02-10,1.069618235932419
2010-02-11,1.3316018977463835
2010-02-12,1.297924525355838
2010-02-13,1.1240790393663056
2010-02-14,1.1507626764626586
2010-02-15,1.357286275028275
2010-02-16,1.424901291319364
2010-02-17,1.3121625216319517
2010-02-18,1.3391873819329667
2010-02-19,1.5052341491639305
2010-02-20,1.176893197929189
2010-02-21,1.038709269573236
2010-02-22,1.0768328850479407
2010-02-23,1.4744924237038208
2010-02-24,1.172680022811483
2010-02-25,1.3818442865379512
2010-02-26,1.1815634149432728
2010-02-27,1.2194864129129463
2010-02-28,1.294616334786176
2010-03-01,1.2193301360858506
2010-03-02,1.4733933787834814
2010-03-03,1.6060780968232404
2010-03-04,1.5853457718178976
2010-03-05,1.6853295514474609
2010-03-06,1.3126413898264029
2010-03-07,1.360398319314372
2010-03-08,1.5379466931508088
2010-03-09,1.5843144437487515
2010-03-10,1.5262799711438648
2010-03-11,1.540074251020707
2010-03-12,1.5549314325029675
2010-03-13,1.3586581472851542
2010-03-14,1.4754592234617658
2010-03-15,1.5665228959598911
2010-03-16,1.6258374734967078
2010-03-17,1.763295276534696
2010-03-18,1.4223909114646711
2010-03-19,1.7150537779476396
2010-03-20,1.4988400548781349
2010-03-21,1.450195016414728
2010-03-22,1.6241912141632324
2010-03-23,1.5535029089039212
2010-03-24,1.6246388268280965
2010-03-25,1.4758569854229004
2010-03-26,1.53447040130502
2010-03-27,1.477258478941928
2010-03-28,1.4952414362636766
2010-03-29,1.6031887948754775
2010-03-30,1.5690565727769643
2010-03-31,1.4729697641730934
2010-04-01,1.2236508982790846
2010-04-02,1.4187285808543038
2010-04-03,1.376692650893066
2010-04-04,1.2120805720565178
2010-04-05,1.404248569360991
2010-04-06,1.3568209488655236
2010-04-07,1.4787172591324649
2010-04-08,1.526292502780331
2010-04-09,1.511837028280755
2010-04-10,1.268319469548796
2010-04-11,1.4258453768233916
2010-04-12,1.546236063510512
2010-04-13,1.612285586229909
2010-04-14,1.429647457694978
2010-04-15,1.672609956418004
2010-04-16,1.5044099025120654
2010-04-17,1.2875360090820558
2010-04-18,1.3999765414325804
2010-04-19,1.569713021062087
2010-04-20,1.5546473946043804
2010-04-21,1.5016349208837918
2010-04-22,1.561126757175595
2010-04-23,1.7569550325187455
2010-04-24,1.4249837304184132
2010-04-25,1.468100615515467
2010-04-26,1.4398351626007366
2010-04-27,1.5961468251536186
2010-04-28,1.5363275422431786
2010-04-29,1.7633288392197646
2010-04-30,1.6225648539128223
2010-05-01,1.3261477027990956
2010-05-02,1.5644652751483712
2010-05-03,1.7766592812056472
2010-05-04,1.458951878367167
2010-05-05,1.6489265802641433
2010-05-06,1.6532664702125308
2010-05-07,1.6062861670450828
2010-05-08,1.4319094953348366
2010-05-09,1.4396196800779548
2010-05-10,1.620996030990707
2010-05-11,1.5679260438040332
2010-05-12,1.6719351162401597
2010-05-13,1.2628025590719036
2010-05-14,1.5650228800127075
2010-05-15,1.4583090801818774
2010-05-16,1.4141472817734209
2010-05-17,1.4956634039029344
2010-05-18,1.6290198496720365
2010-05-19,1.5360517566203165
2010-05-20,1.534231247370946
2010-05-21,1.6226332177518512
2010-05-22,1.5150021654664134
2010-05-23,1.1946587829836142
2010-05-24,1.16259579949466
2010-05-25,1.5813162070403723
2010-05-26,1.3532006043206684
2010-05-27,1.436058921124853
2010-05-28,1.571632581607463
2010-05-29,1.2621252108077787
2010-05-30,1.3784494017962867
2010-05-31,1.558398529320427
2010-06-01,1.5831985657369576
2010-06-02,1.470050865775537
2010-06-03,1.522060362487738
2010-06-04,1.4812050841440088
2010-06-05,1.1340719464087892
2010-06-06,1.3174955701682518
2010-06-07,1.339163270238177
2010-06-08,1.304437709225296
2010-06-09,1.208783526538562
2010-06-10,1.2409750469654113
2010-06-11,1.325938334268545
2010-06-12,1.2896437098180522
2010-06-13,1.2652316065204452
2010-06-14,1.3159648371792234
2010-06-15,1.1357657541510464
2010-06-16,1.4113487855200215
2010-06-17,1.142573282435246
2010-06-18,1.168799703820223
2010-06-19,1.224759598254153
2010-06-20,0.8282255650773535
2010-06-21,1.0691580731528805
2010-06-22,0.9668579573031084
2010-06-23,1.015055415155777
2010-06-24,0.9672996234776232
2010-06-25,0.9293244875268948
2010-06-26,0.8628903945054912
2010-06-27,0.9458259447431524
2010-06-28,1.1938066030490142
2010-06-29,1.070842251859791
2010-06-30,1.0079368861056803
2010-07-01,0.957940214490459
2010-07-02,0.9473420855970554
2010-07-03,0.9721716384113248
2010-07-04,0.8407572703104775
2010-07-05,0.9140181706702604
2010-07-06,0.8601891641462441
2010-07-07,0.9330265643841066
2010-07-08,0.9609454913041174
2010-07-09,0.8082213022205954
2010-07-10,0.8323599808118549
2010-07-11,0.76119352070693
2010-07-12,0.9189637254598176
2010-07-13,0.8918079014357179
2010-07-14,0.8823463716033307
2010-07-15,0.9129949898526156
2010-07-16,0.8769169645538802
2010-07-17,0.4519131112023697
2010-07-18,0.7874444974048352
2010-07-19,0.7023509823690208
2010-07-20,0.781520578213251
2010-07-21,0.8114220603548077
2010-07-22,0.7275502380224983
2010-07-23,0.6812599469486718
2010-07-24,0.700332777887023
2010-07-25,0.6992152452632632
2010-07-26,0.6211626358331527
2010-07-27,0.744315757990626
2010-07-28,0.7553841831654801
2010-07-29,0.5384981306098872
2010-07-30,0.6583855789000539
2010-07-31,0.5334729254711874
2010-08-01,0.4410902066149043
2010-08-02,0.6434899377492068
2010-08-03,0.6412529090972249
2010-08-04,0.6472660698987275
2010-08-05,0.5651635097723828
2010-08-06,0.4658407631882387
2010-08-07,0.3424580761841498
2010-08-08,0.3814570054547612
2010-08-09,0.5162155405447295
2010-08-10,0.6339747404695298
2010-08-11,0.4697678621581081
2010-08-12,0.590103239018135
2010-08-13,0.4557211277944081
2010-08-14,0.2403296222096251
2010-08-15,0.2068021828508094
2010-08-16,0.5178442984530817
2010-08-17,0.4781294700333885
2010-08-18,0.330570427445577
2010-08-19,0.297430348504448
2010-08-20,0.3867339645783028
2010-08-21,0.4184570804457309
2010-08-22,0.5057486681719922
2010-08-23,0.4605584216562858
2010-08-24,0.6439180960845245
2010-08-25,0.6585660307394128
2010-08-26,0.7187554990545243
2010-08-27,0.5749474227746908
2010-08-28,0.5033230975724449
2010-08-29,0.5716524379780963
2010-08-30,0.5505348850991185
2010-08-31,0.5526019906955789
2010-09-01,0.5890520595383066
2010-09-02,0.585654836194094
2010-09-03,0.5805788001855091
2010-09-04,0.3803374945984573
2010-09-05,0.4972193958789702
2010-09-06,0.5874404216119543
2010-09-07,0.6900154588846221
2010-09-08,0.4638686660202329
2010-09-09,0.6133788781345914
2010-09-10,0.481523349227049
2010-09-11,0.4582130570590361
2010-09-12,0.511930126758532
2010-09-13,0.4934613308540019
2010-09-14,0.6046676836094403
2010-09-15,0.4359330976734398
2010-09-16,0.4341304025620306
2010-09-17,0.5185120287526513
2010-09-18,0.2866155226678035
2010-09-19,0.4450401419878671
2010-09-20,0.493275718394694
2010-09-21,0.4763098577621165
2010-09-22,0.4625950716847817
2010-09-23,0.4804110360463668
2010-09-24,0.4961655743511579
2010-09-25,0.3065773128086925
2010-09-26,0.4312550109397063
2010-09-27,0.5817646431384242
2010-09-28,0.4035781494552955
2010-09-29,0.3722785721585274
2010-09-30,0.2762542658105865
2010-10-01,0.1553810836636368
2010-10-02,0.1790806237036343
2010-10-03,0.274448680019638
2010-10-04,0.3953480802399845
2010-10-05,0.4219044293762051
2010-10-06,0.2856719631884888
2010-10-07,0.2223020301511791
2010-10-08,0.287586633245568
2010-10-09,0.2240820977223099
2010-10-10,0.3862068418930027
2010-10-11,0.347896323916883
2010-10-12,0.4087033152969329
2010-10-13,0.3935757998844143
2010-10-14,0.3898747233995845
2010-10-15,0.3373934208579058
2010-10-16,0.2299581353215279
2010-10-17,0.3198450411805683
2010-10-18,0.2453809054465016
2010-10-19,0.3908060534236338
2010-10-20,0.4148446130280372
2010-10-21,0.3943812214898913
2010-10-22,0.3086962000570868
2010-10-23,0.1679437896031274
2010-10-24,0.3050864079327275
2010-10-25,0.3216453250555704
2010-10-26,0.4860514976068342
2010-10-27,0.2597289824753251
2010-10-28,0.4214782137325005
2010-10-29,0.4251920130154813
2010-10-30,0.3908857100946734
2010-10-31,0.3243751033141634
2010-11-01,0.3846220705128566
2010-11-02,0.4649435291854965
2010-11-03,0.8329553716989033
2010-11-04,0.3909149669455373
2010-11-05,0.5901045018510243
2010-11-06,0.3950814124692712
2010-11-07,0.3679649151948936
2010-11-08,0.4833764070749524
2010-11-09,0.8330767534226632
2010-11-10,0.7635113241344913
2010-11-11,0.4562182512231049
2010-11-12,0.5267287520319283
2010-11-13,0.4237108875716948
2010-11-14,0.3762253880182913
2010-11-15,0.5610390084012362
2010-11-16,0.6023408358429598
2010-11-17,0.463081337547191
2010-11-18,0.6409118075657032
2010-11-19,0.7130604613699635
2010-11-20,0.5639057462436777
2010-11-21,0.4031118903717821
2010-11-22,0.6305501374687474
2010-11-23,0.6830461258909895
2010-11-24,0.8044545777163334
2010-11-25,0.587026668517134
2010-11-26,0.5849361195321059
2010-11-27,0.4403301444260931
2010-11-28,0.4638046270976468
2010-11-29,0.6888190032601111
2010-11-30,0.5991488802676669
2010-12-01,0.5925830355007523
2010-12-02,0.5055650434990512
2010-12-03,0.7297263673572267
2010-12-04,0.4461396506834107
2010-12-05,0.5473294132514271
2010-12-06,0.7077555090489663
2010-12-07,0.5372764129025852
2010-12-08,0.6354199399981851
2010-12-09,0.5615968312681902
2010-12-10,0.7480182424935379
2010-12-11,0.6215789734736406
2010-12-12,0.5845691712192019
2010-12-13,0.7605337794494618
2010-12-14,0.9307328086750014
2010-12-15,0.7545511360259505
2010-12-16,0.8312788682270152
2010-12-17,0.823913617395753
2010-12-18,0.5607271117390117
2010-12-19,0.6149578345350298
2010-12-20,0.6580772518780033
2010-12-21,0.6826084966279923
2010-12-22,0.5941298974817525
2010-12-23,0.6948543392129443
2010-12-24,1.0666294276322712
2010-12-25,0.5637378792072891
2010-12-26,0.4101762068288688
2010-12-27,0.8326280574880348
2010-12-28,0.7399214661035677
2010-12-29,0.8006266168725683
2010-12-30,0.8363547069102109
2010-12-31,0.8300034161054429
2011-01-01,0.4002909655185855
2011-01-02,0.8039264886320059
2011-01-03,1.2026323000863273
2011-01-04,0.8117943977804121
2011-01-05,0.9798278360650666
2011-01-06,0.8396465772131186
2011-01-07,1.0147861916113952
2011-01-08,0.9526904164137624
2011-01-09,0.9860713897674273
2011-01-10,1.0364523174541485
2011-01-11,0.9573331653898272
2011-01-12,0.9332660499936928
2011-01-13,1.1307271743511018
2011-01-14,1.0669063592506294
2011-01-15,1.222376569909454
2011-01-16,0.9609707300294263
2011-01-17,1.6083002755188467
2011-01-18,1.2465022204359657
2011-01-19,1.1102169763846244
2011-01-20,1.146784738599116
2011-01-21,1.1977664250861175
2011-01-22,1.1415494834778273
2011-01-23,0.7815889756630514
2011-01-24,1.4594103611524945
2011-01-25,1.0107553767068431
2011-01-26,1.204546595699051
2011-01-27,1.23537190686052
2011-01-28,1.3681340593806035
2011-01-29,0.9274403475062144
2011-01-30,1.1808787815208288
2011-01-31,1.181036288272613
2011-02-01,0.9143150299880874
2011-02-02,1.1546845580120308
2011-02-03,1.126547539394335
2011-02-04,1.1504694116084613
2011-02-05,1.0455205987677558
2011-02-06,1.0662384099584012
2011-02-07,1.2980232617498175
2011-02-08,1.096982973806161
2011-02-09,1.2195758371720773
2011-02-10,1.388743296094335
2011-02-11,1.189893072200023
2011-02-12,1.0766563081835705
2011-02-13,1.0566687713238747
2011-02-14,1.394342669560794
2011-02-15,1.2446610118529866
2011-02-16,1.4746444139470898
2011-02-17,1.3112073670999784
2011-02-18,1.309705431736862
2011-02-19,1.2524326338528304
2011-02-20,1.2156292470474406
2011-02-21,1.252356345169001
2011-02-22,1.2032853976239055
2011-02-23,1.349709825356511
2011-02-24,1.4011936402402894
2011-02-25,1.225878128671823
2011-02-26,1.4139347408374603
2011-02-27,1.2253643176448
2011-02-28,1.4723158699090573
2011-03-01,1.4396509695262172
2011-03-02,1.5377931337156223
2011-03-03,1.500155306240009
2011-03-04,1.6656793976010054
2011-03-05,1.5069138549984793
2011-03-06,1.3635062090938337
2011-03-07,1.7931678882123463
2011-03-08,1.6568554815515155
2011-03-09,1.6110018681562988
2011-03-10,1.5698501504324405
2011-03-11,1.6108459948883875
2011-03-12,1.3710626444581682
2011-03-13,1.524256971182613
2011-03-14,1.597594065942119
2011-03-15,1.6873692111042613
2011-03-16,1.6142297221109234
2011-03-17,1.659507858973519
2011-03-18,1.5581261039260383
2011-03-19,1.486069820217406
2011-03-20,1.4008997041716234
2011-03-21,1.598363868245978
2011-03-22,1.6613235804854745
2011-03-23,1.543189015070326
2011-03-24,1.6979216095450895
2011-03-25,1.578512816460616
2011-03-26,1.433596364767715
2011-03-27,1.427103592753051
2011-03-28,1.5451862514522203
2011-03-29,1.7294556013675622
2011-03-30,1.5998228481688177
2011-03-31,1.600567351193726
2011-04-01,1.452141490363625
2011-04-02,1.5234866445821176
2011-04-03,1.216892117857661
2011-04-04,1.4521419404309044
2011-04-05,1.532768364637601
2011-04-06,1.5901709417707366
2011-04-07,1.5599524167587149
2011-04-08,1.578789820887194
2011-04-09,1.350386263456186
2011-04-10,1.4924261558753131
2011-04-11,1.6199631909897858
2011-04-12,1.4502260441543808
2011-04-13,1.6549123560119177
2011-04-14,1.5965381256623952
2011-04-15,1.6765488489050402
2011-04-16,1.4637442385068535
2011-04-17,1.5913770567388985
2011-04-18,1.6963577892562902
2011-04-19,1.6650340036629536
2011-04-20,1.6720796540810248
2011-04-21,1.4433032278570477
2011-04-22,1.2936990858820403
2011-04-23,1.557697875166137
2011-04-24,1.3879045845954034
2011-04-25,1.3375907621985668
2011-04-26,1.477523327821027
2011-04-27,1.530355990907287
2011-04-28,1.6428011697792773
2011-04-29,1.5184683366457006
2011-04-30,1.3550957152692074
2011-05-01,1.2207446674852922
2011-05-02,1.5201536213331237
2011-05-03,1.4596505411924023
2011-05-04,1.643276714138527
2011-05-05,1.5527449125265564
2011-05-06,1.450947611194864
2011-05-07,1.4764470897876374
2011-05-08,1.432015974736215
2011-05-09,1.5826479751606437
2011-05-10,1.646188004060288
2011-05-11,1.7195238976121792
2011-05-12,1.6222921630046778
2011-05-13,1.6598244457503015
2011-05-14,1.3964513068289852
2011-05-15,1.5959559194655708
2011-05-16,1.5977259217852695
2011-05-17,1.355374496317211
2011-05-18,1.5302776412740826
2011-05-19,1.601263142360138
2011-05-20,1.426682670732926
2011-05-21,1.3853046973378569
2011-05-22,1.5003671583793945
2011-05-23,1.5925692795850512
2011-05-24,1.5438471743576687
2011-05-25,1.548001634358348
2011-05-26,1.5220151160489417
2011-05-27,1.4987424141114545
2011-05-28,1.3245229708233368
2011-05-29,1.2929658563513935
2011-05-30,1.2510293549274405
2011-05-31,1.2425426663686778
2011-06-01,1.5479679636195127
2011-06-02,1.2791068799860268
2011-06-03,1.3218776720501364
2011-06-04,0.965964368895745
2011-06-05,1.416720600960182
2011-06-06,1.184733342241984
2011-06-07,1.2662742387027648
2011-06-08,1.38689610185451
2011-06-09,1.412697518083782
2011-06-10,1.3734490073014591
2011-06-11,1.230502129636703
2011-06-12,0.9672843216297384
2011-06-13,1.122661214621849
2011-06-14,1.283602540271806
2011-06-15,1.182330476958494
2011-06-16,1.3469720565647891
2011-06-17,1.2933694943867826
2011-06-18,1.0510320161753708
2011-06-19,1.235969201337173
2011-06-20,1.0638741451997065
2011-06-21,0.8985362299961577
2011-06-22,1.0406600123824163
2011-06-23,1.0606149863879095
2011-06-24,1.0457729880498885
2011-06-25,0.8868277327623122
2011-06-26,0.9017987539232282
2011-06-27,1.0127412077558566
2011-06-28,1.011075667265209
2011-06-29,1.0028789476435782
2011-06-30,1.0888636026428615
2011-07-01,0.8988877593343075
2011-07-02,0.849095372013492
2011-07-03,0.8804571337388069
2011-07-04,0.963358607703789
2011-07-05,1.0340428437629652
2011-07-06,1.0430256450702933
2011-07-07,0.9539977281881666
2011-07-08,0.8804370509897717
2011-07-09,0.7610893417345528
2011-07-10,0.706512794821706
2011-07-11,0.888990076249641
2011-07-12,0.897383450093151
2011-07-13,0.933275470076802
2011-07-14,0.9642270990621388
2011-07-15,0.8463485327965689
2011-07-16,0.7796846314891138
2011-07-17,0.762150726730971
2011-07-18,0.8054811065097276
2011-07-19,0.6899928525337303
2011-07-20,0.8947103859970387
2011-07-21,0.7512685916029177
2011-07-22,0.5572441848501695
2011-07-23,0.5437820820108421
2011-07-24,0.5700386452146202
2011-07-25,0.8080809024218397
2011-07-26,0.5909332048370486
2011-07-27,0.775100785365609
2011-07-28,0.564953097220657
2011-07-29,0.8399522825441814
2011-07-30,0.6292620172714718
2011-07-31,0.3741926492157242
2011-08-01,0.8447046504449154
2011-08-02,0.6780692848348069
2011-08-03,0.5191026144463466
2011-08-04,0.5136199548877254
2011-08-05,0.6286801565068899
2011-08-06,0.4091016725309443
2011-08-07,0.4582662153970808
2011-08-08,0.3230858052559571
2011-08-09,0.5102104994939245
2011-08-10,0.5710640990960999
2011-08-11,0.6468217203427828
2011-08-12,0.4610647992169279
2011-08-13,0.3845344747827652
2011-08-14,0.3074307224745914
2011-08-15,0.6312275421397283
2011-08-16,0.5808969705750251
2011-08-17,0.53404425186131
2011-08-18,0.556092939522682
2011-08-19,0.4992830274061826
2011-08-20,0.166136797044412
2011-08-21,0.5048312808711057
2011-08-22,0.584631821658958
2011-08-23,0.7975741128811242
2011-08-24,0.584343201146224
2011-08-25,0.7098590563348623
2011-08-26,0.6379972001931683
2011-08-27,0.5478471018779645
2011-08-28,0.2815125982401602
2011-08-29,0.5381068122023372
2011-08-30,0.7101936123901449
2011-08-31,0.5484057274926731
2011-09-01,0.6064041729937659
2011-09-02,0.558941617914876
2011-09-03,0.5501813806204163
2011-09-04,0.4070019303919374
2011-09-05,0.6012172308869685
2011-09-06,0.6730489879674639
2011-09-07,0.5542309874042641
2011-09-08,0.5986218344967108
2011-09-09,0.5988894560401435
2011-09-10,0.35914910073149
2011-09-11,0.3049687895351146
2011-09-12,0.5412683578192157
2011-09-13,0.5921765609510095
2011-09-14,0.5207443897895992
2011-09-15,0.5880668773015773
2011-09-16,0.5801629052741627
2011-09-17,0.3581770693516167
2011-09-18,0.3319829705666782
2011-09-19,0.5686225452143514
2011-09-20,0.4520208785737297
2011-09-21,0.5394426219729705
2011-09-22,0.5295009287828367
2011-09-23,0.3616526895267562
2011-09-24,0.3393216734410604
2011-09-25,0.3428158792041232
2011-09-26,0.3331546083093161
2011-09-27,0.4435795261983093
2011-09-28,0.4860869144341807
2011-09-29,0.5116882260605188
2011-09-30,0.4195065754057338
2011-10-01,0.123867604418841
2011-10-02,0.0936333997722598
2011-10-03,0.259272931675565
2011-10-04,0.0800585039930695
2011-10-05,0.2520388396438589
2011-10-06,0.260216064774407
2011-10-07,0.2968010952416148
2011-10-08,0.1513312722598324
2011-10-09,0.2752724330860043
2011-10-10,0.3292773439615323
2011-10-11,0.3409431623851449
2011-10-12,0.3892624934801933
2011-10-13,0.2583110858884391
2011-10-14,0.3008497891512582
2011-10-15,0.2753842954511033
2011-10-16,0.2009455411751896
2011-10-17,0.3132620886242674
2011-10-18,0.2967722814548545
2011-10-19,0.4511239157231657
2011-10-20,0.3930339750904507
2011-10-21,0.4057857085480008
2011-10-22,0.3340795277903547
2011-10-23,0.0717062863712394
2011-10-24,0.4401872865150971
2011-10-25,0.4672891727353654
2011-10-26,0.474609034854416
2011-10-27,0.3606140817435483
2011-10-28,0.4674031343374598
2011-10-29,0.4060747828452484
2011-10-30,0.3892252448856974
2011-10-31,0.554932845234071
2011-11-01,0.4598356086396459
2011-11-02,0.6299257793361067
2011-11-03,0.5548365436148124
2011-11-04,0.4230035689457591
2011-11-05,0.3373023463798305
2011-11-06,0.4273433611780045
2011-11-07,0.6762304839405899
2011-11-08,0.4010979443376857
2011-11-09,0.6412423663043462
2011-11-10,0.4043100194663949
2011-11-11,0.5562003969721835
2011-11-12,0.3091115976462601
2011-11-13,0.5569186129471178
2011-11-14,0.3632374274968671
2011-11-15,0.6452815282126493
2011-11-16,0.5010004810803468
2011-11-17,0.588130767709677
2011-11-18,0.4802266542270519
2011-11-19,0.238431732540143
2011-11-20,0.4673415753346228
2011-11-21,0.6083507783719678
2011-11-22,0.6478435033808674
2011-11-23,0.4796169511358817
2011-11-24,0.6021680031614762
2011-11-25,0.5626690047251762
2011-11-26,0.476805670680596
2011-11-27,0.2911696254619761
2011-11-28,0.6285833024120973
2011-11-29,0.6234582000893174
2011-11-30,0.649644811089238
2011-12-01,0.5856258635435563
2011-12-02,0.4885125371677752
2011-12-03,0.501186216737665
2011-12-04,0.5263220148320726
2011-12-05,0.7404070877499226
2011-12-06,0.6523392410285939
2011-12-07,0.7819880745192462
2011-12-08,0.6038114276484217
2011-12-09,0.7672509742132853
2011-12-10,0.4316672469721645
2011-12-11,0.5007640379503131
2011-12-12,0.6256945009864257
2011-12-13,0.8322920659922284
2011-12-14,0.6989215252412478
2011-12-15,0.7279210602535146
2011-12-16,0.7865436739491563
2011-12-17,0.562005504927008
2011-12-18,0.7555270683358886
2011-12-19,0.713890126787053
2011-12-20,0.7676614289467676
2011-12-21,0.7645941065852331
2011-12-22,0.627338497252736
2011-12-23,0.6954586423628069
2011-12-24,0.7587658477180079
2011-12-25,0.4043121637984847
2011-12-26,0.5503720690899038
2011-12-27,0.8724638505384882
2011-12-28,0.9029080167892012
2011-12-29,0.8979215112284858
2011-12-30,0.8834536593392058
2011-12-31,0.8076636170887823
2012-01-01,0.4804289454441707
2012-01-02,0.8643643181564213
2012-01-03,0.9657728197169406
2012-01-04,0.8257892137963421
2012-01-05,1.0304294325107162
2012-01-06,1.127310691602985
2012-01-07,0.9485830553627256
2012-01-08,0.9008823729967372
2012-01-09,1.159080228736704
2012-01-10,1.0880773201810214
2012-01-11,1.0091086862801202
2012-01-12,1.182648790019454
2012-01-13,1.1230141520206314
2012-01-14,0.8460072960646876
2012-01-15,1.0895374496709822
2012-01-16,1.0344610599098965
2012-01-17,1.0584131865417434
2012-01-18,1.22570360329603
2012-01-19,1.1350435390788054
2012-01-20,1.5916599736048405
2012-01-21,1.187802228831332
2012-01-22,1.0390990745035156
2012-01-23,1.2307021370345153
2012-01-24,1.145126301930044
2012-01-25,1.0719513902383104
2012-01-26,1.3060599035614917
2012-01-27,1.1198676963610306
2012-01-28,1.2634198650397148
2012-01-29,1.085203994703319
2012-01-30,1.2240143478294834
2012-01-31,1.1573105908422197
2012-02-01,1.1618499344183442
2012-02-02,1.243385369496948
2012-02-03,1.0584619263650072
2012-02-04,1.1847387300004173
2012-02-05,0.972828634041068
2012-02-06,1.2098340695968757
2012-02-07,1.2680892382930906
2012-02-08,1.1294319466301257
2012-02-09,1.2880423793414866
2012-02-10,1.1234469590465337
2012-02-11,1.1859419911176925
2012-02-12,1.2403718359559266
2012-02-13,1.5766657058197675
2012-02-14,1.2710085588403364
2012-02-15,1.4492093358667202
2012-02-16,1.4795957238748996
2012-02-17,1.443199995083131
2012-02-18,1.4606526367162866
2012-02-19,1.2978076917820665
2012-02-20,1.279588765331793
2012-02-21,1.5003365288550798
2012-02-22,1.4621812277362376
2012-02-23,1.3253734661120176
2012-02-24,1.4874445847618931
2012-02-25,1.0572507193138758
2012-02-26,1.2591873642622589
2012-02-27,1.3360978495303
2012-02-28,1.4243413112998082
2012-02-29,1.5172166445154522
2012-03-01,1.4793528423518667
2012-03-02,1.6005134153407674
2012-03-03,1.3526588231937318
2012-03-04,1.4281926912398373
2012-03-05,1.5392892162131415
2012-03-06,1.7021614117962462
2012-03-07,1.6448585176091657
2012-03-08,1.4441138064324035
2012-03-09,1.674814104758224
2012-03-10,1.3605153220191435
2012-03-11,1.576892076177467
2012-03-12,1.5903679018712475
2012-03-13,1.490966114716749
2012-03-14,1.5199303160512394
2012-03-15,1.6556153781649303
2012-03-16,1.402323059972216
2012-03-17,1.4145955325654398
2012-03-18,1.4149659949533449
2012-03-19,1.4517937044102651
2012-03-20,1.4436542504577698
2012-03-21,1.5242843180404848
2012-03-22,1.6492514168694257
2012-03-23,1.6035495876164714
2012-03-24,1.5009537362700716
2012-03-25,1.4707202402444233
2012-03-26,1.618178852569207
2012-03-27,1.5917846582034574
2012-03-28,1.5951674496301895
2012-03-29,1.5735349410508226
2012-03-30,1.6164648984455294
2012-03-31,1.4527999973727728
2012-04-01,1.198706685713223
2012-04-02,1.496511062742487
2012-04-03,1.5694686065392294
2012-04-04,1.4459070401048348
2012-04-05,1.3610463566487558
2012-04-06,1.0363383982528678
2012-04-07,1.4302091610396603
2012-04-08,1.1694025841989273
2012-04-09,1.1750788953952478
2012-04-10,1.5276206320796262
2012-04-11,1.7236348495892135
2012-04-12,1.6288655509948848
2012-04-13,1.638175733651339
2012-04-14,1.6057093902898778
2012-04-15,1.6358656684919473
2012-04-16,1.6356558315024794
2012-04-17,1.7462134082512797
2012-04-18,1.6073369621319435
2012-04-19,1.7282920642396038
2012-04-20,1.734772721591501
2012-04-21,1.5228651024285231
2012-04-22,1.5336765586947538
2012-04-23,1.6941647658653232
2012-04-24,1.5118691761201386
2012-04-25,1.598837096152866
2012-04-26,1.6038120057160807
2012-04-27,1.6300981138214845
2012-04-28,1.5385752338888965
2012-04-29,1.4522620685243313
2012-04-30,1.6095443829496403
2012-05-01,1.3747640384228172
2012-05-02,1.5757653931234323
2012-05-03,1.7415389838167026
2012-05-04,1.6714893353103368
2012-05-05,1.4820776771990198
2012-05-06,1.463714576217951
2012-05-07,1.710269367877093
2012-05-08,1.5280295111655666
2012-05-09,1.6353222309934583
2012-05-10,1.5845525854687812
2012-05-11,1.598189618338248
2012-05-12,1.3591820303581883
2012-05-13,1.4932119823248111
2012-05-14,1.4296534119131792
2012-05-15,1.689995025862931
2012-05-16,1.5870299823752565
2012-05-17,1.4184208319127627
2012-05-18,1.3518379398572675
2012-05-19,1.3503813330605938
2012-05-20,1.454596541963063
2012-05-21,1.2774703646005392
2012-05-22,1.4705935729767636
2012-05-23,1.4179339281444334
2012-05-24,1.5735115338301144
2012-05-25,1.401998929774587
2012-05-26,1.5263021407963018
2012-05-27,1.0803684160582296
2012-05-28,1.2482017443693063
2012-05-29,1.4485474761775008
2012-05-30,1.4997594375236345
2012-05-31,1.3266864509210134
2012-06-01,1.2368259349633646
2012-06-02,1.2769217916836688
2012-06-03,1.099953747238182
2012-06-04,1.5631526916735403
2012-06-05,1.421434961554683
2012-06-06,1.3518152446605374
2012-06-07,1.3773137076352449
2012-06-08,1.407931214464892
2012-06-09,1.21909460534983
2012-06-10,1.004200405744026
2012-06-11,1.3234830394790629
2012-06-12,1.359989015092795
2012-06-13,1.2326318764635142
2012-06-14,1.2396569789233354
2012-06-15,1.3748865540418127
2012-06-16,1.1446096822441834
2012-06-17,1.2549711272717798
2012-06-18,1.1950097197363394
2012-06-19,1.273176332888433
2012-06-20,1.1269140080079956
2012-06-21,1.0789622952727849
2012-06-22,0.9760247565194132
2012-06-23,0.8650143661357176
2012-06-24,0.8593323853263002
2012-06-25,1.2395355696895474
2012-06-26,1.0121202797170117
2012-06-27,1.043713793895057
2012-06-28,1.071248582995186
2012-06-29,0.8964080311935809
2012-06-30,0.7304454324964273
2012-07-01,0.8788284423362231
2012-07-02,1.0927063632628846
2012-07-03,0.9949542870607966
2012-07-04,0.9246303835858588
2012-07-05,1.0692690064854482
2012-07-06,0.9569444512147554
2012-07-07,0.6868105661672445
2012-07-08,0.8810912657265454
2012-07-09,0.9956975063469616
2012-07-10,0.8374261903298337
2012-07-11,0.9748561995841244
2012-07-12,0.8009370772195208
2012-07-13,0.7878167758024301
2012-07-14,0.8257977616548138
2012-07-15,0.5954616209670023
2012-07-16,0.9020001460836684
2012-07-17,0.8173819386712761
2012-07-18,0.8755761401838478
2012-07-19,0.8193706231413225
2012-07-20,0.7973509789541626
2012-07-21,0.4725610945240021
2012-07-22,0.6756837143534382
2012-07-23,0.7501835980091003
2012-07-24,0.658560817014636
2012-07-25,0.6561995372898218
2012-07-26,0.6584125131981141
2012-07-27,0.5339083505759272
2012-07-28,0.4989318828218403
2012-07-29,0.4768894308364225
2012-07-30,0.7009855202104674
2012-07-31,0.5159291561087189
2012-08-01,0.7082260324835863
2012-08-02,0.5006396609234253
2012-08-03,0.7108111993985333
2012-08-04,0.4907153540131267
2012-08-05,0.4679517411182065
2012-08-06,0.7193967024624401
2012-08-07,0.5602504907576572
2012-08-08,0.4734561757622466
2012-08-09,0.4570468896206284
2012-08-10,0.460395007302899
2012-08-11,0.4126912669961382
2012-08-12,0.3491659489029405
2012-08-13,0.5666320074869139
2012-08-14,0.4818029738456751
2012-08-15,0.5637394510729337
2012-08-16,0.4941486961807515
2012-08-17,0.2565476317551556
2012-08-18,0.3069687352669525
2012-08-19,0.3653774616741893
2012-08-20,0.4983469803832469
2012-08-21,0.7368066727262405
2012-08-22,0.6528806029243007
2012-08-23,0.7285053839987027
2012-08-24,0.5793261834394846
2012-08-25,0.4977585126808361
2012-08-26,0.5699553772014336
2012-08-27,0.704936143600129
2012-08-28,0.6074989222648042
2012-08-29,0.6623313776001619
2012-08-30,0.6926442265054649
2012-08-31,0.7983147508341257
2012-09-01,0.3975822480735972
2012-09-02,0.4627594310249966
2012-09-03,0.5886002097304996
2012-09-04,0.5269390744273552
2012-09-05,0.7270775261122756
2012-09-06,0.5932860655828265
2012-09-07,0.547601199099765
2012-09-08,0.3026274816267223
2012-09-09,0.4222310997573765
2012-09-10,0.5176141114265085
2012-09-11,0.4962011151999007
2012-09-12,0.6412583944884593
2012-09-13,0.4743542560549422
2012-09-14,0.5303452710475907
2012-09-15,0.5009246402463723
2012-09-16,0.4910409825960984
2012-09-17,0.5860915917548177
2012-09-18,0.4068252030241768
2012-09-19,0.4923725505640856
2012-09-20,0.3948411176630346
2012-09-21,0.4218017109187151
2012-09-22,0.496802837512488
2012-09-23,0.3849146753580011
2012-09-24,0.4804397268880195
2012-09-25,0.3886768122150761
2012-09-26,0.4834551151670294
2012-09-27,0.2940591325068797
2012-09-28,0.4802995547471106
2012-09-29,0.2326543523793585
2012-09-30,0.3096096086300258
2012-10-01,0.2698396461538704
2012-10-02,0.2017262293939009
2012-10-03,0.1843606791401607
2012-10-04,0.3654695467220299
2012-10-05,0.41064677907975
2012-10-06,0.1440682028424956
2012-10-07,0.01
2012-10-08,0.2665940034243156
2012-10-09,0.4656914477118986
2012-10-10,0.4696836227284096
2012-10-11,0.4884988998603252
2012-10-12,0.3907221478193216
2012-10-13,0.3188703402454089
2012-10-14,0.3420577364660015
2012-10-15,0.4979572096278135
2012-10-16,0.3785633778815724
2012-10-17,0.4357575936523981
2012-10-18,0.5110994469444439
2012-10-19,0.438620628679212
2012-10-20,0.4250139350829987
2012-10-21,0.2269242573465487
2012-10-22,0.4807113018150131
2012-10-23,0.513422437745137
2012-10-24,0.5847864171180582
2012-10-25,0.4403413373827172
2012-10-26,0.5799978734278757
2012-10-27,0.1729841953790344
2012-10-28,0.3359496060764307
2012-10-29,0.4241554404371507
2012-10-30,0.5441809328316747
2012-10-31,0.5042293338874381
2012-11-01,0.6744662178354943
2012-11-02,0.4707295666491708
2012-11-03,0.3544325293159771
2012-11-04,0.3835044577984198
2012-11-05,0.6255458634952737
2012-11-06,0.7700361335958569
2012-11-07,0.6150749765313694
2012-11-08,0.5159038007916473
2012-11-09,0.4492009225138378
2012-11-10,0.5465599085559717
2012-11-11,0.4963225871339788
2012-11-12,0.533199286013505
2012-11-13,0.4887778807189063
2012-11-14,0.5554406148749411
2012-11-15,0.5953767347194518
2012-11-16,0.5586133816350239
2012-11-17,0.1390474957020822
2012-11-18,0.2428564826484125
2012-11-19,0.3841982522520212
2012-11-20,0.6471847411866177
2012-11-21,0.528703882566486
2012-11-22,0.4737203865398008
2012-11-23,0.4253399773167872
2012-11-24,0.3244028597564007
2012-11-25,0.3031644712565232
2012-11-26,0.4652627145871363
2012-11-27,0.6285001141399318
2012-11-28,0.6820729968899893
2012-11-29,0.6281728903685759
2012-11-30,0.6261848206329722
2012-12-01,0.491377150239322
2012-12-02,0.4798190263505931
2012-12-03,0.7045211224726093
2012-12-04,0.6307380095499486
2012-12-05,0.6970493421572814
2012-12-06,0.6851019503761232
2012-12-07,0.736474154921712
2012-12-08,0.4897318077010253
2012-12-09,0.4874292540674673
2012-12-10,0.861901574753897
2012-12-11,1.0581624505464078
2012-12-12,0.7429319109494231
2012-12-13,0.7244607275719411
2012-12-14,0.6930639852918498
2012-12-15,0.6530463524090728
2012-12-16,0.662611239735514
2012-12-17,0.8711147122755072
2012-12-18,0.748984035219198
2012-12-19,0.781725603902487
2012-12-20,0.8128611620838684
2012-12-21,0.84071542149559
2012-12-22,0.5680802590604843
2012-12-23,0.6719856701247356
2012-12-24,0.9158166676743064
2012-12-25,0.6341475649475722
2012-12-26,0.4862306569899014
2012-12-27,0.9734580322655344
2012-12-28,0.8242515336996404
2012-12-29,0.7057895395493572
2012-12-30,0.7015287727962188
2012-12-31,0.8804055526415497
2013-01-01,0.6615858379230248
2013-01-02,0.8042823672007589
2013-01-03,1.320144552800922
2013-01-04,0.9196071227794392
2013-01-05,1.043088125667324
2013-01-06,0.968565921607006
2013-01-07,0.986500611620508
2013-01-08,0.9600120214109712
2013-01-09,1.152949022971258
2013-01-10,0.9187296044595222
2013-01-11,1.0621977973270285
2013-01-12,1.037361490675872
2013-01-13,0.8724440350270397
2013-01-14,0.9476498650438496
2013-01-15,1.0762206289956802
2013-01-16,1.1211074681408415
2013-01-17,1.0442108161449426
2013-01-18,1.2887928818501546
2013-01-19,0.981426875004404
2013-01-20,0.996092518075173
2013-01-21,1.0682381508405956
2013-01-22,1.1196845192468394
2013-01-23,1.241775678659856
2013-01-24,1.0499789343747696
2013-01-25,1.156017411190514
2013-01-26,1.1106060796056052
2013-01-27,0.9580590115227268
2013-01-28,1.2446203968502416
2013-01-29,1.245058875567937
2013-01-30,1.2251558549691663
2013-01-31,0.9799951666548312
2013-02-01,1.211851675955684
2013-02-02,1.1050425633502805
2013-02-03,1.1757579144447603
2013-02-04,1.2170342441388808
2013-02-05,1.2886840921007237
2013-02-06,1.1007765947446813
2013-02-07,1.259814482172397
2013-02-08,1.3278699953814497
2013-02-09,0.8082740661652317
2013-02-10,1.3086809454957418
2013-02-11,1.3170330389818548
2013-02-12,1.5224505368072287
2013-02-13,1.3287378121439986
2013-02-14,1.4568194682898707
2013-02-15,1.3887455093765495
2013-02-16,1.1659461246678935
2013-02-17,1.2295877945188027
2013-02-18,1.6294470862633714
2013-02-19,1.3666312608055702
2013-02-20,1.3418484018926444
2013-02-21,1.2763766650882693
2013-02-22,1.4246215072477673
2013-02-23,1.3295817471962024
2013-02-24,1.2838650451846627
2013-02-25,1.3566418833742295
2013-02-26,1.463360027037892
2013-02-27,1.479972990363465
2013-02-28,1.5033951408819324
2013-03-01,1.432726312121035
2013-03-02,1.324151623464456
2013-03-03,1.461570998898733
2013-03-04,1.7346873572299486
2013-03-05,1.5413582893836069
2013-03-06,1.6151757480122175
2013-03-07,1.5774969195929889
2013-03-08,1.386730802488796
2013-03-09,1.573575040626302
2013-03-10,1.5242275631190825
2013-03-11,1.6108242224665767
2013-03-12,1.5495782111371383
2013-03-13,1.4550841960772958
2013-03-14,1.6349206364623068
2013-03-15,1.467723008130253
2013-03-16,1.4902521410166167
2013-03-17,1.2791916024231398
2013-03-18,1.581051837364996
2013-03-19,1.5522683504435215
2013-03-20,1.6157659295350837
2013-03-21,1.56943958665274
2013-03-22,1.6727359542343774
2013-03-23,1.4586863030080388
2013-03-24,1.5221764275720784
2013-03-25,1.6334538420518387
2013-03-26,1.6238298231350776
2013-03-27,1.5902037549301271
2013-03-28,1.347934873808853
2013-03-29,1.2698504177626628
2013-03-30,1.572529621662838
2013-03-31,1.244153554046986
2013-04-01,1.419228071621073
2013-04-02,1.3749140413149767
2013-04-03,1.4937594780530357
2013-04-04,1.5564299252987974
2013-04-05,1.5574065975900822
2013-04-06,1.2100321272286108
2013-04-07,1.3832011206479196
2013-04-08,1.5710526839717098
2013-04-09,1.4139294525259474
2013-04-10,1.5022494837804194
2013-04-11,1.5371831219665772
2013-04-12,1.7360716066758224
2013-04-13,1.407875019425232
2013-04-14,1.5127792771538715
2013-04-15,1.941113630711176
2013-04-16,1.801821381058048
2013-04-17,1.5582168072926303
2013-04-18,1.6331605343177478
2013-04-19,1.7616340790704474
2013-04-20,1.646240500403623
2013-04-21,1.5005604683810272
2013-04-22,1.6854343711360744
2013-04-23,1.8289047429687204
2013-04-24,1.8192073061577647
2013-04-25,1.6490201831506712
2013-04-26,1.7651922215965914
2013-04-27,1.559185836110641
2013-04-28,1.4827396868971694
2013-04-29,1.724047270239515
2013-04-30,1.778756242125222
2013-05-01,1.4583951016250976
2013-05-02,1.778306040376094
2013-05-03,1.8264767646472937
2013-05-04,1.5612136084994417
2013-05-05,1.4878911489022464
2013-05-06,1.6053006683992972
2013-05-07,1.4769580663697264
2013-05-08,1.7136083605560053
2013-05-09,1.1818463443306262
2013-05-10,1.587785917261985
2013-05-11,1.4767032508290645
2013-05-12,1.4366547073009746
2013-05-13,1.6628268223692435
2013-05-14,1.615642540575825
2013-05-15,1.6758278165116631
2013-05-16,1.45254515567946
2013-05-17,1.3210131964388918
2013-05-18,1.461316631751859
2013-05-19,1.3979175295915054
2013-05-20,1.1899726557574506
2013-05-21,1.6416717264504972
2013-05-22,1.505492828518873
2013-05-23,1.5192837725785129
2013-05-24,1.448580888197726
2013-05-25,1.312485018343997
2013-05-26,1.3503048870298862
2013-05-27,1.5005225612879536
2013-05-28,1.4484849579221448
2013-05-29,1.5826170537353803
2013-05-30,1.331259602677944
2013-05-31,1.6041197981768476
2013-06-01,1.295455678167365
2013-06-02,1.2952946535119678
2013-06-03,1.5514869460177338
2013-06-04,1.503728707808528
2013-06-05,1.365369394561475
2013-06-06,1.2726091187621718
2013-06-07,1.453663471392363
2013-06-08,1.2687389634294544
2013-06-09,1.0792085368164233
2013-06-10,1.443514144642068
2013-06-11,1.337010605901878
2013-06-12,1.3281426989618743
2013-06-13,1.4444971576625103
2013-06-14,1.4386265388312949
2013-06-15,1.143817344098936
2013-06-16,1.2037881940324744
2013-06-17,1.3984698762847685
2013-06-18,1.077102664985554
2013-06-19,1.374514429862374
2013-06-20,1.1429095600656196
2013-06-21,1.1216550683341715
2013-06-22,0.9449990517655388
2013-06-23,1.0052443372317152
2013-06-24,1.1255121887391204
2013-06-25,1.0713993869133156
2013-06-26,1.1826586731960824
2013-06-27,1.0818798097126678
2013-06-28,1.1506252993220378
2013-06-29,0.9761661042303512
2013-06-30,0.9212821913828704
2013-07-01,0.9810298715157904
2013-07-02,1.062540846591586
2013-07-03,1.0015127781755904
2013-07-04,1.0544769874328717
2013-07-05,0.9171450549047894
2013-07-06,0.8421953567539491
2013-07-07,0.7059607437538316
2013-07-08,1.1194259830466051
2013-07-09,1.0158623463206855
2013-07-10,1.019966808096757
2013-07-11,0.8879271149030646
2013-07-12,0.9918129613591932
2013-07-13,0.7391535617342949
2013-07-14,0.698240915660059
2013-07-15,0.664596730652212
2013-07-16,0.9435830304060312
2013-07-17,0.8307547358486684
2013-07-18,0.7917887223652808
2013-07-19,0.8783757972377392
2013-07-20,0.7762530611241885
2013-07-21,0.6120127507885507
2013-07-22,0.814279386477607
2013-07-23,0.6577687736059322
2013-07-24,0.7505772317308447
2013-07-25,0.5718852807341319
2013-07-26,0.8304897724614518
2013-07-27,0.6915518510123919
2013-07-28,0.2870681216753743
2013-07-29,0.6369560830159865
2013-07-30,0.6035309813946459
2013-07-31,0.6289954949505459
2013-08-01,0.5980038721785564
2013-08-02,0.6503879773386617
2013-08-03,0.4686381395849009
2013-08-04,0.4902131412032007
2013-08-05,0.6805535151465073
2013-08-06,0.7560259769153378
2013-08-07,0.5823390441396121
2013-08-08,0.5380544880820806
2013-08-09,0.5283612653062718
2013-08-10,0.3570381062367932
2013-08-11,0.2742362620560526
2013-08-12,0.6468157644984932
2013-08-13,0.6403334139417426
2013-08-14,0.6306405184808473
2013-08-15,0.5896829033872288
2013-08-16,0.5760279211933101
2013-08-17,0.3580390252870816
2013-08-18,0.2467541036711987
2013-08-19,0.3231290884406962
2013-08-20,0.5402084119653767
2013-08-21,0.6632024283093318
2013-08-22,0.7624687599815806
2013-08-23,0.9314208765079428
2013-08-24,0.4859369077834726
2013-08-25,0.4997647055299032
2013-08-26,0.7231526535373205
2013-08-27,0.509511501858856
2013-08-28,0.6803196373933946
2013-08-29,0.7375538741481755
2013-08-30,0.7241900390135251
2013-08-31,0.4691115693115745
2013-09-01,0.4010984168414049
2013-09-02,0.5869445739028505
2013-09-03,0.5699898446560914
2013-09-04,0.7186272076177611
2013-09-05,0.4564025017881163
2013-09-06,0.5185483753378379
2013-09-07,0.4680309687498529
2013-09-08,0.4447883027590298
2013-09-09,0.5785913935224349
2013-09-10,0.4924744983653427
2013-09-11,0.4650240823589077
2013-09-12,0.5447309027918514
2013-09-13,0.7167818497280591
2013-09-14,0.3055167349086893
2013-09-15,0.4679542110737269
2013-09-16,0.4048479185233223
2013-09-17,0.475927989221549
2013-09-18,0.4896443046669106
2013-09-19,0.4796986620667752
2013-09-20,0.4575838322173962
2013-09-21,0.1692695909470398
2013-09-22,0.2217062667148218
2013-09-23,0.4956740230283656
2013-09-24,0.4743482052409218
2013-09-25,0.4357711697130921
2013-09-26,0.4083485041693745
2013-09-27,0.4857244023482067
2013-09-28,0.1779555196041459
2013-09-29,0.4711747679107718
2013-09-30,0.3310291990818684
2013-10-01,0.3789306747618653
2013-10-02,0.4039200682359303
2013-10-03,0.3940888498814991
2013-10-04,0.2177813900710278
2013-10-05,0.1198212774907637
2013-10-06,0.1716508585534955
2013-10-07,0.3190750797047733
2013-10-08,0.4262995377121748
2013-10-09,0.4540293572793297
2013-10-10,0.3831742326890549
2013-10-11,0.4638474043405221
2013-10-12,0.4144907286406922
2013-10-13,0.356032054572873
2013-10-14,0.4677103588797287
2013-10-15,0.5310261520794317
2013-10-16,0.2855967664995252
2013-10-17,0.5190159927382086
2013-10-18,0.5253125033962612
2013-10-19,0.2587194268901485
2013-10-20,0.3440659948377879
2013-10-21,0.4152130634833489
2013-10-22,0.5874715293777841
2013-10-23,0.5601970572964868
2013-10-24,0.5801312477036913
2013-10-25,0.5158096874156352
2013-10-26,0.3864800397548776
2013-10-27,0.3373274807376666
2013-10-28,0.5605622852604535
2013-10-29,0.5895753873434783
2013-10-30,0.5393750375700379
2013-10-31,0.4335273115573437
2013-11-01,0.4034632657134258
2013-11-02,0.5058726217514874
2013-11-03,0.4242753769046241
2013-11-04,0.8566773880978173
2013-11-05,0.5358786066860003
2013-11-06,0.3918666876824241
2013-11-07,0.4035854292199387
2013-11-08,0.6078993238911743
2013-11-09,0.3041761465524863
2013-11-10,0.2243074365809602
2013-11-11,0.2933093360068757
2013-11-12,0.5202573928267133
2013-11-13,0.6255665577929193
2013-11-14,0.3270135530401605
2013-11-15,0.7427399784961892
2013-11-16,0.4507345640960817
2013-11-17,0.5232517418998617
2013-11-18,0.4847347868918378
2013-11-19,0.4423629663434292
2013-11-20,0.5756323255727803
2013-11-21,0.4141715634902815
2013-11-22,0.7190881091720488
2013-11-23,0.4365251437793784
2013-11-24,0.4612803654253261
2013-11-25,0.5780171328434063
2013-11-26,0.6059809145676256
2013-11-27,0.6184845846146164
2013-11-28,0.9548927320868038
2013-11-29,0.6160854696954972
2013-11-30,0.4556622821366344
2013-12-01,0.5752455098215037
2013-12-02,0.7506273891233004
2013-12-03,0.6984007939323577
2013-12-04,0.7062704828039595
2013-12-05,0.6224429399651235
2013-12-06,0.782843870425406
2013-12-07,0.6811212069191097
2013-12-08,0.5222610133955157
2013-12-09,0.8070274664430555
2013-12-10,0.6503687748471693
2013-12-11,0.6506627400785162
2013-12-12,0.67183193927329
2013-12-13,0.8525359013507223
2013-12-14,0.5600106647291377
2013-12-15,0.5466562346618442
2013-12-16,0.7072103552635377
2013-12-17,0.8738916038541569
2013-12-18,0.7640772242161877
2013-12-19,0.88943629369376
2013-12-20,0.8096650159259576
2013-12-21,0.9550598736526662
2013-12-22,0.5295907143311356
2013-12-23,0.8821127805355202
2013-12-24,0.735078538913913
2013-12-25,0.6129258176057185
2013-12-26,0.5627254786625963
2013-12-27,0.8944376764900978
2013-12-28,0.574166977913781
2013-12-29,0.7141143079110119
2013-12-30,0.7674687435886222
2013-12-31,0.7908693702832458
2014-01-01,0.7212549501297729
2014-01-02,0.9132565934150612
2014-01-03,1.0574600452900087
2014-01-04,0.8021733775934005
2014-01-05,0.982777292038784
2014-01-06,1.1078470783904346
2014-01-07,1.0188259379492308
2014-01-08,1.1579186177930292
2014-01-09,1.0269888842473458
2014-01-10,1.0765712156230234
2014-01-11,0.860514149468569
2014-01-12,1.0467700812824634
2014-01-13,0.975410445153789
2014-01-14,1.1830343223834372
2014-01-15,1.0760324426310075
2014-01-16,0.999994567716908
2014-01-17,1.43215015292769
2014-01-18,1.10720632660216
2014-01-19,0.9469528098993664
2014-01-20,0.9073849573168886
2014-01-21,1.1500575307412984
2014-01-22,1.2752192199322352
2014-01-23,1.2288393555562458
2014-01-24,1.111733406229876
2014-01-25,0.9227232956985296
2014-01-26,0.9482638780725342
2014-01-27,1.140509528045071
2014-01-28,1.2411666472743847
2014-01-29,1.3482493699655498
2014-01-30,1.193388265611432
2014-01-31,1.0542337004709288
2014-02-01,1.0092336300996083
2014-02-02,1.071494196025732
2014-02-03,1.285708939934936
2014-02-04,1.330386318858744
2014-02-05,1.392415762823825
2014-02-06,1.2606076702239282
2014-02-07,1.4468099446059244
2014-02-08,1.1844972776983262
2014-02-09,1.1034789345145044
2014-02-10,1.2435097557941144
2014-02-11,1.4212514848578444
2014-02-12,1.3342600132631812
2014-02-13,1.2335165668674934
2014-02-14,1.544634877212081
2014-02-15,1.4078543643776158
2014-02-16,1.2933948561145323
2014-02-17,1.3164075506653512
2014-02-18,1.525798917405428
2014-02-19,1.4758799789086057
2014-02-20,1.5403794149669228
2014-02-21,1.198882377859482
2014-02-22,1.271291281348297
2014-02-23,1.2771127492764558
2014-02-24,1.4457057532327593
2014-02-25,1.2611761050151151
2014-02-26,1.4309346956304565
2014-02-27,1.4594507287298395
2014-02-28,1.5243377581855193
2014-03-01,1.3387264445800675
2014-03-02,1.6173282689600212
2014-03-03,1.6769019674984904
2014-03-04,1.6381212804204168
2014-03-05,1.4910279586580473
2014-03-06,1.5467511321415337
2014-03-07,1.3740532915571442
2014-03-08,1.406624669787242
2014-03-09,1.4431881036373877
2014-03-10,1.4488861988689306
2014-03-11,1.5857553675040863
2014-03-12,1.6756964126855665
2014-03-13,1.6841132888836063
2014-03-14,1.5719100108310526
2014-03-15,1.4612991379302485
2014-03-16,1.349708851188761
2014-03-17,1.521220581690642
2014-03-18,1.5137518560360863
2014-03-19,1.4167716821267444
2014-03-20,1.764879369326487
2014-03-21,1.5785708014298565
2014-03-22,1.4643215812176522
2014-03-23,1.387203705534913
2014-03-24,1.5954471843854292
2014-03-25,1.5937978419666836
2014-03-26,1.7089133057272423
2014-03-27,1.6360550090486947
2014-03-28,1.5964428955664791
2014-03-29,1.4186197391911612
2014-03-30,1.32819680210723
2014-03-31,1.8482889038466064
2014-04-01,1.5241886167311214
2014-04-02,1.636361118818809
2014-04-03,1.4958503945380053
2014-04-04,1.6180935452093037
2014-04-05,1.468976737333374
2014-04-06,1.126112846422079
2014-04-07,1.595596842099352
2014-04-08,1.6523536885459604
2014-04-09,1.515287785560194
2014-04-10,1.5845228537300855
2014-04-11,1.688068762903001
2014-04-12,1.6072101603135815
2014-04-13,1.53725734592678
2014-04-14,1.6911161459868391
2014-04-15,1.645627627411915
2014-04-16,1.7357325242638233
2014-04-17,1.6874839213543842
2014-04-18,1.6196054672578746
2014-04-19,1.674006907115592
2014-04-20,1.3023183832589371
2014-04-21,1.7158893112225924
2014-04-22,1.7328917475053442
2014-04-23,1.723785281377343
2014-04-24,1.7326660031305674
2014-04-25,1.6859110347994364
2014-04-26,1.6068257858651087
2014-04-27,1.39600776375332
2014-04-28,1.4824478503212268
2014-04-29,1.6922820056965957
2014-04-30,1.7797104888749802
2014-05-01,1.4247764010011448
2014-05-02,1.6217678593670806
2014-05-03,1.44359200926826
2014-05-04,1.4819795271142504
2014-05-05,1.5445423078579097
2014-05-06,1.663795147874345
2014-05-07,1.6402915905801592
2014-05-08,1.6982844890795783
2014-05-09,1.6263129765623248
2014-05-10,1.3509594529573834
2014-05-11,1.484399123112709
2014-05-12,1.4794770907480048
2014-05-13,1.7548309957503387
2014-05-14,1.5365055336445606
2014-05-15,1.6013709539137784
2014-05-16,1.5915222406432832
2014-05-17,1.2786480858767986
2014-05-18,1.2583220073274777
2014-05-19,1.5772036670083724
2014-05-20,1.4769415708204627
2014-05-21,1.3554860658110173
2014-05-22,1.429966706700991
2014-05-23,1.452291525275908
2014-05-24,1.2966261574215106
2014-05-25,1.2434573287830246
2014-05-26,1.601528524928617
2014-05-27,1.4917917950520991
2014-05-28,1.5671678132026006
2014-05-29,1.310645832787873
2014-05-30,1.334093729109376
2014-05-31,1.3919113706182875
2014-06-01,1.2804287812164528
2014-06-02,1.485136899023236
2014-06-03,1.350628767375936
2014-06-04,1.3967933937581691
2014-06-05,1.4180119365582091
2014-06-06,1.3008501951401426
2014-06-07,1.2309836887588548
2014-06-08,0.9645154977704502
2014-06-09,1.2348640179732129
2014-06-10,1.4561438710974282
2014-06-11,1.4596100111650538
2014-06-12,1.3461000982785871
2014-06-13,1.3794602731087164
2014-06-14,1.240046403217086
2014-06-15,1.3066898150668391
2014-06-16,1.4150370357891453
2014-06-17,1.341348270246645
2014-06-18,1.3224352960263617
2014-06-19,1.3516188144825465
2014-06-20,1.2970627903729928
2014-06-21,0.9824373188404788
2014-06-22,0.9512414304434575
2014-06-23,1.0971957763360514
2014-06-24,0.8998180841592862
2014-06-25,1.2294487391900175
2014-06-26,1.033186698865155
2014-06-27,1.0629718607849843
2014-06-28,0.8520349615982169
2014-06-29,0.9134800822769332
2014-06-30,1.057726890983571
2014-07-01,0.989281068528152
2014-07-02,1.18195795957475
2014-07-03,0.9531863503756854
2014-07-04,1.0161294858682244
2014-07-05,0.7816155297256923
2014-07-06,0.7327334115215614
2014-07-07,0.8799518181420964
2014-07-08,0.6691361190106252
2014-07-09,0.9183547153104316
2014-07-10,0.9324614413647484
2014-07-11,0.9320671876075178
2014-07-12,0.7340847138870467
2014-07-13,0.58422385524573
2014-07-14,0.907219104341297
2014-07-15,0.8462371927191479
2014-07-16,0.8507129978179379
2014-07-17,0.732937447596286
2014-07-18,0.7617196057530998
2014-07-19,0.6799080637764441
2014-07-20,0.5634330479640642
2014-07-21,0.8675718521547588
2014-07-22,0.8226273362242811
2014-07-23,0.7351877000107927
2014-07-24,0.658849070631694
2014-07-25,0.7062609655799708
2014-07-26,0.5896133841686078
2014-07-27,0.6393065185405643
2014-07-28,0.6397463136515005
2014-07-29,0.5761603823373269
2014-07-30,0.7444384680663797
2014-07-31,0.6796234642464897
2014-08-01,0.7130901321108954
2014-08-02,0.5831922929174761
2014-08-03,0.4543975619160673
2014-08-04,0.6171493854999444
2014-08-05,0.6985197706289717
2014-08-06,0.4047089867243051
2014-08-07,0.6493837614860675
2014-08-08,0.5683031827324012
2014-08-09,0.5394270852048114
2014-08-10,0.4216083583925535
2014-08-11,0.6123567412306962
2014-08-12,0.5118907704840344
2014-08-13,0.7164011368728411
2014-08-14,0.5792100601005769
2014-08-15,0.5738255254939795
2014-08-16,0.4785983828352323
2014-08-17,0.4596198304069933
2014-08-18,0.6282378256623145
2014-08-19,0.5478982220573028
2014-08-20,0.6635391251813305
2014-08-21,0.8551749597566788
2014-08-22,0.6342372142784498
2014-08-23,0.8593657119137894
2014-08-24,0.5807760163082646
2014-08-25,0.8864621673777208
2014-08-26,0.7825474359216897
2014-08-27,0.7528704751696161
2014-08-28,0.7185301258828416
2014-08-29,0.7351436590869651
2014-08-30,0.5660533086441475
2014-08-31,0.3965747961443672
2014-09-01,0.6270008416698725
2014-09-02,0.6016679273621601
2014-09-03,0.6275918615860134
2014-09-04,0.5760498372132213
2014-09-05,0.6017898918661121
2014-09-06,0.4273081708815227
2014-09-07,0.3595459316724418
2014-09-08,0.6155875869031479
2014-09-09,0.7148087554076086
2014-09-10,0.5283947248041722
2014-09-11,0.4252231466429185
2014-09-12,0.6032160642550742
2014-09-13,0.3919383586556981
2014-09-14,0.2949977521130769
2014-09-15,0.5417866150060179
2014-09-16,0.513040522292768
2014-09-17,0.6256352413271017
2014-09-18,0.4400214979090648
2014-09-19,0.4715873464683059
2014-09-20,0.3523857717766103
2014-09-21,0.3054223192542191
2014-09-22,0.6800482183361575
2014-09-23,0.4083334897723323
2014-09-24,0.359185107727052
2014-09-25,0.404095370352455
2014-09-26,0.413637372230895
2014-09-27,0.2875254853886673
2014-09-28,0.2885899267797532
2014-09-29,0.5733013372617068
2014-09-30,0.4246479783429734
2014-10-01,0.2568437586879866
2014-10-02,0.2539980392192591
2014-10-03,0.3371622178764424
2014-10-04,0.2241021538966203
2014-10-05,0.2526938293740594
2014-10-06,0.4196748047354846
2014-10-07,0.4722886233252837
2014-10-08,0.4071742649827616
2014-10-09,0.5980677754991406
2014-10-10,0.4188459249979556
2014-10-11,0.3865930642148588
2014-10-12,0.4336065382522387
2014-10-13,0.3616954416837997
2014-10-14,0.4586874903758045
2014-10-15,0.4318796234055176
2014-10-16,0.4776542350145794
2014-10-17,0.596861789706914
2014-10-18,0.3124405185026118
2014-10-19,0.6063378618569948
2014-10-20,0.4579371389265793
2014-10-21,0.7375952881476543
2014-10-22,0.5717391694284046
2014-10-23,0.4574002588898581
2014-10-24,0.5413056522480401
2014-10-25,0.410602632766652
2014-10-26,0.3898609870373771
2014-10-27,0.537395744632743
2014-10-28,0.4049374909460053
2014-10-29,0.5616704890945698
2014-10-30,0.5415467400606276
2014-10-31,0.5097088552973318
2014-11-01,0.3631215226750054
2014-11-02,0.2573896060890256
2014-11-03,0.5209198234509335
2014-11-04,0.5753367941202976
2014-11-05,0.5975768388609324
2014-11-06,0.5770779774050907
2014-11-07,0.5185342761502889
2014-11-08,0.3691181245458542
2014-11-09,0.2707330482201683
2014-11-10,0.7981205291970882
2014-11-11,0.3337473766135784
2014-11-12,0.4334383836882161
2014-11-13,0.6351433355573035
2014-11-14,0.5045177939576473
2014-11-15,0.474524810675736
2014-11-16,0.311234132254472
2014-11-17,0.5761987028729435
2014-11-18,0.4241767984167525
2014-11-19,0.6459671898282573
2014-11-20,0.613140465860861
2014-11-21,0.5318900011177293
2014-11-22,0.5096029773762375
2014-11-23,0.3381002910534711
2014-11-24,0.567341600005589
2014-11-25,0.6355037445004214
2014-11-26,0.5586186867412589
2014-11-27,0.5262208015135521
2014-11-28,0.6231917128246306
2014-11-29,0.4477394235546288
2014-11-30,0.388947054511358
2014-12-01,0.6868812863613087
2014-12-02,0.8211493509730612
2014-12-03,0.7108793193972041
2014-12-04,0.5707750767057326
2014-12-05,0.707537225107421
2014-12-06,0.5347292912461927
2014-12-07,0.8124892350249404
2014-12-08,0.7807681417302001
2014-12-09,0.8048817441837454
2014-12-10,0.6912819297471715
2014-12-11,0.7348743818195079
2014-12-12,0.8856256161459306
2014-12-13,0.6741473507947667
2014-12-14,0.8475972731605044
2014-12-15,0.8587432593505586
2014-12-16,0.8598389973593366
2014-12-17,0.7282259762826312
2014-12-18,0.7489784295235777
2014-12-19,1.029971458033405
2014-12-20,0.6453393363686326
2014-12-21,0.5544563508430196
2014-12-22,0.8101541727948721
2014-12-23,0.7617377557136294
2014-12-24,0.8614794893000797
2014-12-25,0.6989900709268655
2014-12-26,0.6806713740173072
2014-12-27,0.742271780733926
2014-12-28,0.5741559106613132
2014-12-29,0.7036070406017975
2014-12-30,0.789415938946327
2014-12-31,0.8555044438435201
2015-01-01,0.7218469882983299
2015-01-02,0.8966285740784077
2015-01-03,0.7157881991519119
2015-01-04,0.7448890225532866
2015-01-05,0.89885711201792
2015-01-06,0.9177911808625996
2015-01-07,1.0317452646561327
2015-01-08,0.973032639183214
2015-01-09,1.0108129877188383
2015-01-10,1.1827458002990088
2015-01-11,1.150603318098062
2015-01-12,0.978599678837384
2015-01-13,1.16803247687151
2015-01-14,1.0803947065301789
2015-01-15,1.041483467920656
2015-01-16,1.1032386452133904
2015-01-17,1.2699315379682865
2015-01-18,0.9687352494375128
2015-01-19,1.0197829479258005
2015-01-20,1.6167517688191182
2015-01-21,1.049818424718968
2015-01-22,1.1321721047505553
2015-01-23,0.9577881988327333
2015-01-24,0.9469696890481434
2015-01-25,0.7619973032113899
2015-01-26,1.226754184707976
2015-01-27,1.1735632429085463
2015-01-28,1.4854003620149925
2015-01-29,1.3506067073203942
2015-01-30,1.343251321183615
2015-01-31,1.197422396054958
2015-02-01,1.2937003783109708
2015-02-02,1.1826492942917546
2015-02-03,1.2844615120792615
2015-02-04,1.3774232994629323
2015-02-05,1.496150894370007
2015-02-06,1.4079890934039174
2015-02-07,1.061892667766907
2015-02-08,1.1272687380257644
2015-02-09,1.5202779655058896
2015-02-10,1.408386827668865
2015-02-11,1.322507651881776
2015-02-12,1.4533407928843742
2015-02-13,1.5573169674507434
2015-02-14,1.4714715340911098
2015-02-15,1.2853904920851953
2015-02-16,1.3915563559988329
2015-02-17,1.6152703652842124
2015-02-18,1.5951541661378026
2015-02-19,1.38284761097246
2015-02-20,1.491477165287158
2015-02-21,1.2061792845017685
2015-02-22,1.5599532854156664
2015-02-23,1.4756703871733623
2015-02-24,1.547048728522575
2015-02-25,1.545606647029907
2015-02-26,1.34534701663785
2015-02-27,1.4688711190809174
2015-02-28,1.4369192852760568
2015-03-01,1.2618022305617511
2015-03-02,1.7176069906498257
2015-03-03,1.4641946108428363
2015-03-04,1.6585373206451497
2015-03-05,1.4963666824665878
2015-03-06,1.60716604426194
2015-03-07,1.2683235444694787
2015-03-08,1.411127568862778
2015-03-09,1.3531525903349364
2015-03-10,1.4891314362823265
2015-03-11,1.5011900477306512
2015-03-12,1.5814231869546715
2015-03-13,1.3886586690421532
2015-03-14,1.3888601477713014
2015-03-15,1.4468662370170475
2015-03-16,1.5419969638808408
2015-03-17,1.6549382172435805
2015-03-18,1.429979166505602
2015-03-19,1.7208265288819478
2015-03-20,1.3898367090497517
2015-03-21,1.3424990166925623
2015-03-22,1.388195816110195
2015-03-23,1.551465471430161
2015-03-24,1.5555129467315356
2015-03-25,1.6191227072193228
2015-03-26,1.60437274420449
2015-03-27,1.476050017986619
2015-03-28,1.3700893042109397
2015-03-29,1.3592694755171073
2015-03-30,1.4310537575228786
2015-03-31,1.7344119650781071
2015-04-01,1.4402805037983375
2015-04-02,1.095397320348598
2015-04-03,1.32675590117496
2015-04-04,1.3794742536479152
2015-04-05,1.101228956926369
2015-04-06,1.3412537540305205
2015-04-07,1.6132501002737358
2015-04-08,1.6501964291468334
2015-04-09,1.5160680335236345
2015-04-10,1.6366571174633953
2015-04-11,1.5167511286735278
2015-04-12,1.615034097448012
2015-04-13,1.7785571547221342
2015-04-14,1.7664102649219378
2015-04-15,1.8222175072415976
2015-04-16,1.795650675917145
2015-04-17,1.791496765994821
2015-04-18,1.6206139878694756
2015-04-19,1.5933194218859543
2015-04-20,1.7731974090130849
2015-04-21,1.8165835582581016
2015-04-22,1.8490733270813744
2015-04-23,1.6408530568301518
2015-04-24,1.834132522344539
2015-04-25,1.715801007313443
2015-04-26,1.540704379248868
2015-04-27,1.5101256026062786
2015-04-28,1.7800557903807277
2015-04-29,1.6292547555109913
2015-04-30,1.6264582742114129
2015-05-01,1.4342823301534953
2015-05-02,1.4549527564484273
2015-05-03,1.5134156985390657
2015-05-04,1.6178785455429687
2015-05-05,1.6024429755369551
2015-05-06,1.5851202134545614
2015-05-07,1.6312263670464544
2015-05-08,1.6635856329151992
2015-05-09,1.3068404004155585
2015-05-10,1.4887422150532184
2015-05-11,1.64580239760633
2015-05-12,1.547378253103633
2015-05-13,1.725728044824964
2015-05-14,1.3487332444035938
2015-05-15,1.4590819917243183
2015-05-16,1.3729004068147328
2015-05-17,1.4195176714702984
2015-05-18,1.3895128260172225
2015-05-19,1.3266573252035618
2015-05-20,1.6347058595318542
2015-05-21,1.5066206112354428
2015-05-22,1.4995211842839848
2015-05-23,1.2839396785060144
2015-05-24,1.191076111933885
2015-05-25,1.1733155587974164
2015-05-26,1.4070826525954565
2015-05-27,1.498784117387425
2015-05-28,1.4625694240055305
2015-05-29,1.307605630834879
2015-05-30,1.2358673106344222
2015-05-31,1.3189574812658522
2015-06-01,1.4200113321491443
2015-06-02,1.4887375853451732
2015-06-03,1.4786360080788896
2015-06-04,1.361527254967878
2015-06-05,1.3827331407860617
2015-06-06,1.352753901401737
2015-06-07,1.3632744212439285
2015-06-08,1.4366255679777349
2015-06-09,1.5063449876070405
2015-06-10,1.41880838922887
2015-06-11,1.3520338858128065
2015-06-12,1.4251239574375416
2015-06-13,1.182401877205473
2015-06-14,1.3112358573312894
2015-06-15,1.2998465164481825
2015-06-16,1.3684364359595431
2015-06-17,1.272529799689396
2015-06-18,1.3175392723645962
2015-06-19,1.349461996123654
2015-06-20,0.9839309873446932
2015-06-21,0.8198535142338723
2015-06-22,0.9873658831129268
2015-06-23,1.1080867436498052
2015-06-24,1.1793688423122202
2015-06-25,1.2737999888413092
2015-06-26,1.111566030166273
2015-06-27,0.916869269477426
2015-06-28,0.9546491886076758
2015-06-29,1.0571477901276267
2015-06-30,1.1732930275904363
2015-07-01,1.0967429451303128
2015-07-02,1.0431842291526543
2015-07-03,1.1036849027880118
2015-07-04,0.8451089293770789
2015-07-05,0.869046620004807
2015-07-06,0.8503102307503951
2015-07-07,0.9306190184029476
2015-07-08,1.037988568876839
2015-07-09,0.8605914480962303
2015-07-10,0.8809715828282498
2015-07-11,0.7732093445789125
2015-07-12,0.6156983215528053
2015-07-13,0.9190803404084958
2015-07-14,0.6015919601292911
2015-07-15,0.778137340974788
2015-07-16,0.8261221722021161
2015-07-17,0.7491070055325492
2015-07-18,0.6541219654323089
2015-07-19,0.6718291691712408
2015-07-20,0.6982524703948779
2015-07-21,0.701333809918214
2015-07-22,0.8990377815842724
2015-07-23,0.7724647816420902
2015-07-24,0.6744058523888758
2015-07-25,0.6147244438543367
2015-07-26,0.5603410351315946
2015-07-27,0.5921497585646389
2015-07-28,0.517167121399784
2015-07-29,0.7642099955753524
2015-07-30,0.7989080709023222
2015-07-31,0.7168136982926088
2015-08-01,0.7255708852605744
2015-08-02,0.6008644826022668
2015-08-03,0.5420144103439913
2015-08-04,0.7551983139537854
2015-08-05,0.7356233867033863
2015-08-06,0.6933806678833939
2015-08-07,0.6215021169328593
2015-08-08,0.5416434919222662
2015-08-09,0.4561547186812517
2015-08-10,0.6220589410493359
2015-08-11,0.7026701770745907
2015-08-12,0.7220987866870412
2015-08-13,0.668140283918751
2015-08-14,0.5486918778558307
2015-08-15,0.528399693884265
2015-08-16,0.323659535424088
2015-08-17,0.6117195530592179
2015-08-18,0.6025122925652099
2015-08-19,0.5952306453839961
2015-08-20,0.6430518327620833
2015-08-21,0.8323214976204151
2015-08-22,0.5821557901245804
2015-08-23,0.6150386627574973
2015-08-24,0.729781136521184
2015-08-25,0.6494907842195977
2015-08-26,0.7221184246254161
2015-08-27,0.7159146760140517
2015-08-28,0.5305518594748064
2015-08-29,0.4852385164643538
2015-08-30,0.4642319172390994
2015-08-31,0.6288917813921153
2015-09-01,0.4549839913485208
2015-09-02,0.7110310020592708
2015-09-03,0.6944185788820361
2015-09-04,0.5938075520833141
2015-09-05,0.427601277234621
2015-09-06,0.3306226613392249
2015-09-07,0.5479534804041458
2015-09-08,0.5632828440272232
2015-09-09,0.5373378696756512
2015-09-10,0.7090279906644816
2015-09-11,0.5330382761857763
2015-09-12,0.372187321632376
2015-09-13,0.3577782152815742
2015-09-14,0.5146532067905543
2015-09-15,0.487135676068854
2015-09-16,0.5148132492501901
2015-09-17,0.458785812925237
2015-09-18,0.3822824505442365
2015-09-19,0.3693810357511958
2015-09-20,0.3098126061311421
2015-09-21,0.5166867474985404
2015-09-22,0.5188100905045193
2015-09-23,0.426391711915593
2015-09-24,0.4762746973117537
2015-09-25,0.3037567323767319
2015-09-26,0.2866421356309181
2015-09-27,0.2565176492774263
2015-09-28,0.4725853527877044
2015-09-29,0.5193989505298532
2015-09-30,0.4266521219320108
2015-10-01,0.3664040883754912
2015-10-02,0.3213241796942965
2015-10-03,0.2504574534324253
2015-10-04,0.3972629853038063
2015-10-05,0.4158975014147759
2015-10-06,0.3365117761859978
2015-10-07,0.5083381010057522
2015-10-08,0.2514167282368531
2015-10-09,0.533967795328117
2015-10-10,0.2216500259476348
2015-10-11,0.256081133598345
2015-10-12,0.4255804917168732
2015-10-13,0.4304952627437882
2015-10-14,0.5991229724191192
2015-10-15,0.5044597440757463
2015-10-16,0.3583948140769628
2015-10-17,0.3130460870615361
2015-10-18,0.3543019832224942
2015-10-19,0.5153818362833873
2015-10-20,0.5153275758089082
2015-10-21,0.5625900697120001
2015-10-22,0.558710852321803
2015-10-23,0.4911676865453695
2015-10-24,0.2215551372363841
2015-10-25,0.5073921530753672
2015-10-26,0.6644712014814116
2015-10-27,0.6375735817767013
2015-10-28,0.5928979227408094
2015-10-29,0.5131860480895131
2015-10-30,0.3207642976251688
2015-10-31,0.4797132039981254
2015-11-01,0.3765812889076577
2015-11-02,0.4324118190025047
2015-11-03,0.3225966588566276
2015-11-04,0.3835194598145051
2015-11-05,0.5267754110145791
2015-11-06,0.5052934804625061
2015-11-07,0.3309723144821944
2015-11-08,0.7090636523635933
2015-11-09,0.4596074390944199
2015-11-10,0.4886451042534815
2015-11-11,0.4137152723418719
2015-11-12,0.5170017696611429
2015-11-13,0.5347774766826189
2015-11-14,0.3436047428697499
2015-11-15,0.375260209485995
2015-11-16,0.5431480004051447
2015-11-17,0.6117251112766207
2015-11-18,0.7111436634713059
2015-11-19,0.4664815921761071
2015-11-20,0.5201357930532549
2015-11-21,0.3453284491467806
2015-11-22,0.3300283968840871
2015-11-23,0.6781878236341955
2015-11-24,0.6448653823947886
2015-11-25,0.4867402711293729
2015-11-26,0.6184903635734539
2015-11-27,0.5568940001760493
2015-11-28,0.4843610342986614
2015-11-29,0.597523270079524
2015-11-30,0.7051781886268905
2015-12-01,0.7667840478445482
2015-12-02,0.8225912104191304
2015-12-03,0.7893161394300445
2015-12-04,0.7953902295176417
2015-12-05,0.5184814284667134
2015-12-06,0.7099817504968815
2015-12-07,0.7202281173497675
2015-12-08,0.7285568139400727
2015-12-09,0.8352355324235715
2015-12-10,0.8394084650191463
2015-12-11,0.7761845387148953
2015-12-12,0.5560625775203446
2015-12-13,0.6898087894751574
2015-12-14,0.8650529413164406
2015-12-15,0.8587636394260846
2015-12-16,0.8715591226898156
2015-12-17,0.9522480995823386
2015-12-18,0.986946087187232
2015-12-19,0.862899325157732
2015-12-20,0.8747994097114423
2015-12-21,1.178358084140089
2015-12-22,0.6440736924033235
2015-12-23,0.7510335226889626
2015-12-24,0.9403133146368208
2015-12-25,0.7120714779601032
2015-12-26,0.5179341069985264
2015-12-27,0.7448873656696599
2015-12-28,1.2119882248209386
2015-12-29,0.8556842535179744
2015-12-30,0.9434228505166002
2015-12-31,1.1277385411196967
2016-01-01,0.7111431624763397
2016-01-02,0.7538118108499867
2016-01-03,0.7666176917178235
2016-01-04,0.9646890661055788
2016-01-05,0.901586663528748
2016-01-06,0.8745459325481996
2016-01-07,1.382869623842938
2016-01-08,0.8082191483162795
2016-01-09,0.8268233672761447
2016-01-10,0.9996864950722224
2016-01-11,1.0786763000997062
2016-01-12,1.024895618863538
2016-01-13,0.9388558468473392
2016-01-14,0.9681479875515387
2016-01-15,1.1533947251614942
2016-01-16,0.9504734549623876
2016-01-17,0.9695151663702912
2016-01-18,1.0126870086115531
2016-01-19,1.0555586592757629
2016-01-20,1.215999783709258
2016-01-21,1.1763049474723006
2016-01-22,1.5075643208750429
2016-01-23,1.0002267102857745
2016-01-24,0.9558723450283528
2016-01-25,1.2095614961135333
2016-01-26,1.349859401600785
2016-01-27,1.131338056061399
2016-01-28,1.1327774065785383
2016-01-29,1.515582889182708
2016-01-30,0.997908291061811
2016-01-31,1.1407139353181155
2016-02-01,1.3954988434150457
2016-02-02,1.5033012318700143
2016-02-03,1.3456130050723678
2016-02-04,1.3406542382423647
2016-02-05,1.327091319217603
2016-02-06,1.3266623855936377
2016-02-07,1.304237568816616
2016-02-08,1.4164196046100663
2016-02-09,1.2845477437972883
2016-02-10,1.4726227436446686
2016-02-11,1.434324923089186
2016-02-12,1.5662704154888982
2016-02-13,1.3462497147379278
2016-02-14,1.1348737899885768
2016-02-15,1.5569137194798055
2016-02-16,1.434678811763367
2016-02-17,1.4715623422524782
2016-02-18,1.5354726972536867
2016-02-19,1.5441969805693034
2016-02-20,1.213841262626803
2016-02-21,1.3372353707080766
2016-02-22,1.3130466685319142
2016-02-23,1.3002801749964716
2016-02-24,1.6301804930815225
2016-02-25,1.5771139986352
2016-02-26,1.416976132450855
2016-02-27,1.2861613198199962
2016-02-28,1.6271477115401107
2016-02-29,1.4202747071510382
2016-03-01,1.409065869989724
2016-03-02,1.404627035758995
2016-03-03,1.5266503796092816
2016-03-04,1.526922809513403
2016-03-05,1.486701741094925
2016-03-06,1.4557750480894995
2016-03-07,1.4680678223417574
2016-03-08,1.475628841562474
2016-03-09,1.68954650913536
2016-03-10,1.4678768044488548
2016-03-11,1.581808247731905
2016-03-12,1.4442023403251576
2016-03-13,1.3282402190597025
2016-03-14,1.5490334568831627
2016-03-15,1.6379679276476915
2016-03-16,1.6338750698204385
2016-03-17,1.619982081259638
2016-03-18,1.7098145606515938
2016-03-19,1.3595400890031482
2016-03-20,1.3657290652778271
2016-03-21,1.729541744289537
2016-03-22,1.5585580754019823
2016-03-23,1.5737249595805942
2016-03-24,1.460051169156741
2016-03-25,1.3335647570062372
2016-03-26,1.4780641601367237
2016-03-27,1.2739180354633104
2016-03-28,1.37172969073325
2016-03-29,1.7631970709781368
2016-03-30,1.6691471084844924
2016-03-31,1.6600661055010044
2016-04-01,1.6655000606736996
2016-04-02,1.4343893126219232
2016-04-03,1.536333281223319
2016-04-04,1.602245325761338
2016-04-05,1.4911116929632575
2016-04-06,1.570378897928635
2016-04-07,1.665543092818388
2016-04-08,1.5322368709210166
2016-04-09,1.6336191360711048
2016-04-10,1.6064630526791404
2016-04-11,1.7638140996714575
2016-04-12,1.7652967717168917
2016-04-13,1.7405279719205595
2016-04-14,1.6883521479842192
2016-04-15,1.8191783815312503
2016-04-16,1.5098324310894349
2016-04-17,1.5663466036182407
2016-04-18,1.7622073567494994
2016-04-19,1.7579923240030653
2016-04-20,1.664713337670562
2016-04-21,1.7131439492909633
2016-04-22,1.7783581951587542
2016-04-23,1.527206852099521
2016-04-24,1.4706677206832823
2016-04-25,1.7283696840886886
2016-04-26,1.7227795771096006
2016-04-27,1.5567327852645854
2016-04-28,1.5256093571302922
2016-04-29,1.7525992075313055
2016-04-30,1.5068274963431425
2016-05-01,1.2873246627156707
2016-05-02,1.6174207684124486
2016-05-03,1.5409304224461504
2016-05-04,1.6629103639276666
2016-05-05,1.617252187745573
2016-05-06,1.5957886259518588
2016-05-07,1.4792864944720567
2016-05-08,1.5351192019512754
2016-05-09,1.6855689205602618
2016-05-10,1.6572036796305176
2016-05-11,1.371500525208874
2016-05-12,1.6164728125173702
2016-05-13,1.5655157928999346
2016-05-14,1.315158369005378
2016-05-15,1.2590781710642411
2016-05-16,1.3852182177199652
2016-05-17,1.3862425863074483
2016-05-18,1.5700296500850364
2016-05-19,1.5845772662722477
2016-05-20,1.6391483920917895
2016-05-21,1.2501208393693333
2016-05-22,1.2680010805644282
2016-05-23,1.369135233787805
2016-05-24,1.3671161598950667
2016-05-25,1.6099723609594534
2016-05-26,1.621078517679716
2016-05-27,1.6026027781630698
2016-05-28,1.3296368652851198
2016-05-29,1.3858962164635973
2016-05-30,1.5243870748432289
2016-05-31,1.6479519260452096
2016-06-01,1.425088390156508
2016-06-02,1.5516359474986816
2016-06-03,1.5440356842957488
2016-06-04,1.353592756272049
2016-06-05,1.365623398446683
2016-06-06,1.591566985548497
2016-06-07,1.4805892008053214
2016-06-08,1.4956935368315014
2016-06-09,1.4228188918563087
2016-06-10,1.4607521981419571
2016-06-11,1.2666650188407989
2016-06-12,1.3606572873050953
2016-06-13,1.3648974285223787
2016-06-14,1.5334455270870166
2016-06-15,1.564205874428318
2016-06-16,1.3638286647685351
2016-06-17,1.2914732997264766
2016-06-18,1.2016313712453504
2016-06-19,1.317848210792654
2016-06-20,1.1520712824793389
2016-06-21,1.3263725099839456
2016-06-22,1.1595038563704054
2016-06-23,1.011558304507164
2016-06-24,0.9547647320661268
2016-06-25,0.8892090319262937
2016-06-26,1.0698772511794896
2016-06-27,1.0232263916114392
2016-06-28,1.2809044092285229
2016-06-29,1.1012025626269573
2016-06-30,1.095922234498812
2016-07-01,0.9573239208305564
2016-07-02,0.8070894077003814
2016-07-03,0.8474285291474615
2016-07-04,0.9778040771761476
2016-07-05,1.000897990817407
2016-07-06,1.0360957106115372
2016-07-07,0.9594119804728612
2016-07-08,0.8822970064592819
2016-07-09,0.5731120860207211
2016-07-10,0.8205432018678045
2016-07-11,0.7427493280515872
2016-07-12,0.9150560392409868
2016-07-13,0.7881400469310987
2016-07-14,0.8545880196883063
2016-07-15,0.7070133072352492
2016-07-16,0.6297008126012977
2016-07-17,0.6289192445984161
2016-07-18,0.966773597156663
2016-07-19,0.6844879297827495
2016-07-20,0.8280809348946341
2016-07-21,0.7634948239409339
2016-07-22,0.64923524313105
2016-07-23,0.6409265168620791
2016-07-24,0.5696982667085476
2016-07-25,0.8696568952963244
2016-07-26,0.5644699781148439
2016-07-27,0.7918696686090224
2016-07-28,0.7316233889936108
2016-07-29,0.5296761475907863
2016-07-30,0.459802219345259
2016-07-31,0.3453852709033988
2016-08-01,0.7339063490486477
2016-08-02,0.7046281849463183
2016-08-03,0.6667581941575234
2016-08-04,0.669071855892567
2016-08-05,0.5476833710262453
2016-08-06,0.6015142899940144
2016-08-07,0.5766783169962647
2016-08-08,0.7366968210241367
2016-08-09,0.6184063774099291
2016-08-10,0.5737668415390071
2016-08-11,0.615833615538102
2016-08-12,0.9165339271049092
2016-08-13,0.5047479699359663
2016-08-14,0.4685352483347652
2016-08-15,0.4459915261297887
2016-08-16,0.5279919549800017
2016-08-17,0.5458663630101868
2016-08-18,0.6481628774702062
2016-08-19,0.4668179915323793
2016-08-20,0.4542665453399518
2016-08-21,0.6250050902891584
2016-08-22,0.7435737358437434
2016-08-23,0.699568876010902
2016-08-24,0.762824868707102
2016-08-25,0.6702840560151145
2016-08-26,0.6488479926259535
2016-08-27,0.5464406842751601
2016-08-28,0.4478403968941715
2016-08-29,0.5932135505302634
2016-08-30,0.6073246612454956
2016-08-31,0.7091971960860208
2016-09-01,0.6006657706999994
2016-09-02,0.534331603626483
2016-09-03,0.4366819299779352
2016-09-04,0.4824992770130849
2016-09-05,0.602036730779699
2016-09-06,0.5224954051237274
2016-09-07,0.5273663727939709
2016-09-08,0.6349185356539179
2016-09-09,0.545989654963934
2016-09-10,0.4274664672401883
2016-09-11,0.4141989446175207
2016-09-12,0.4903169858067364
2016-09-13,0.4737245684076054
2016-09-14,0.3785701941503415
2016-09-15,0.445976832403552
2016-09-16,0.6055960501583639
2016-09-17,0.3862405042048909
2016-09-18,0.3858032013877625
2016-09-19,0.3567726085039246
2016-09-20,0.5030239055340264
2016-09-21,0.4284731226172008
2016-09-22,0.4665922756766528
2016-09-23,0.4815844078348631
2016-09-24,0.2921456017527019
2016-09-25,0.3576885066456405
2016-09-26,0.5453328872254555
2016-09-27,0.4371524029107108
2016-09-28,0.5299522821147061
2016-09-29,0.3371572635190695
2016-09-30,0.5757114246499856
2016-10-01,0.1748545089310825
2016-10-02,0.2903381538225186
2016-10-03,0.395419658115526
2016-10-04,0.5063666461210672
2016-10-05,0.4440253229406451
2016-10-06,0.469812735299805
2016-10-07,0.3811295991025156
2016-10-08,0.2778830008393285
2016-10-09,0.3029531280006174
2016-10-10,0.6214956398621853
2016-10-11,0.6232877232947445
2016-10-12,0.5151247523612742
2016-10-13,0.5624582394092725
2016-10-14,0.4981183736085872
2016-10-15,0.3409405290074452
2016-10-16,0.434959303905667
2016-10-17,0.619104639364289
2016-10-18,0.6731238042626193
2016-10-19,0.4719504363366799
2016-10-20,0.4634825470949038
2016-10-21,0.5268141812399219
2016-10-22,0.3192549067045383
2016-10-23,0.318424660155311
2016-10-24,0.4871615514348796
2016-10-25,0.5646787471267911
2016-10-26,0.5948757778293604
2016-10-27,0.4358022199914264
2016-10-28,0.393705868596145
2016-10-29,0.3942290306517658
2016-10-30,0.4609594460745381
2016-10-31,0.4960916122986823
2016-11-01,0.5967989722627812
2016-11-02,0.5159035935804198
2016-11-03,0.5414944710294356
2016-11-04,0.5726306064011488
2016-11-05,0.3717235015873437
2016-11-06,0.4009756932810655
2016-11-07,0.618724596754489
2016-11-08,0.76627671333869
2016-11-09,0.4188753767189697
2016-11-10,0.6036377745778303
2016-11-11,0.4159101064342405
2016-11-12,0.372611233574884
2016-11-13,0.3853203937579211
2016-11-14,0.5767240641473135
2016-11-15,0.4600605588792626
2016-11-16,0.5896978258486225
2016-11-17,0.5386490087809488
2016-11-18,0.764538086774047
2016-11-19,0.3288373661646792
2016-11-20,0.4924565982155176
2016-11-21,0.6193599338717618
2016-11-22,0.5603767732018459
2016-11-23,0.7278905115360654
2016-11-24,0.5308246636913635
2016-11-25,0.6702970972130883
2016-11-26,0.4701998054720377
2016-11-27,0.325209104779141
2016-11-28,0.9189843698525564
2016-11-29,0.5825657034895964
2016-11-30,0.9662254941031388
2016-12-01,0.5716248550563812
2016-12-02,0.777622390116771
2016-12-03,0.5382087959977566
2016-12-04,0.710363936118399
2016-12-05,0.8104670459441864
2016-12-06,0.8468080662450409
2016-12-07,0.7714307479910633
2016-12-08,0.9291677400477468
2016-12-09,0.7963631063300045
2016-12-10,0.6481832995356462
2016-12-11,1.0416669847128903
2016-12-12,1.0502443177270828
2016-12-13,0.9289361037758502
2016-12-14,0.8712759738104998
2016-12-15,0.905388769006486
2016-12-16,0.7517350624480256
2016-12-17,0.7377421859126111
2016-12-18,0.6667259053537123
2016-12-19,0.8304370382225493
2016-12-20,0.7990910077240918
2016-12-21,1.0580409804824948
2016-12-22,0.8621720496185513
2016-12-23,0.8361783627223953
2016-12-24,0.7851107808140545
2016-12-25,0.4570657058143178
2016-12-26,0.6901570509589239
2016-12-27,0.9657012739226796
2016-12-28,0.8336620414715182
2016-12-29,0.7712345466292548
2016-12-30,0.7994604735045697
2016-12-31,0.7100286887040088
2017-01-01,0.5291027912231788
2017-01-02,0.9721505935573576
2017-01-03,0.9317559462230488
2017-01-04,0.9521936627335208
2017-01-05,0.8502250181530216
2017-01-06,1.0552803170505718
2017-01-07,0.7795785716758943
2017-01-08,0.8072793198646848
2017-01-09,1.139691235393257
2017-01-10,0.9337202025524658
2017-01-11,1.148560713245632
2017-01-12,1.093586385068675
2017-01-13,1.1436738613585475
2017-01-14,0.8379146165610822
2017-01-15,0.852414366022999
2017-01-16,0.9460831156769568
2017-01-17,1.2025682202166226
2017-01-18,1.212457360204477
2017-01-19,1.212589655970182
2017-01-20,1.1675281369402786
2017-01-21,0.945347145408787
2017-01-22,1.0406894042298562
2017-01-23,1.1083481820381444
2017-01-24,1.2073068050444775
2017-01-25,1.2430308667054268
2017-01-26,1.148491249164089
2017-01-27,1.3079938845801056
2017-01-28,1.2264140153279417
2017-01-29,1.1487349549925148
2017-01-30,1.3877594050428808
2017-01-31,1.5292727361729246
2017-02-01,1.264708289712872
2017-02-02,1.629034072881372
2017-02-03,1.5022789809539092
2017-02-04,1.130577560371928
2017-02-05,1.3550997996255782
2017-02-06,1.2986356435729325
2017-02-07,1.5509554358057789
2017-02-08,1.343804445015253
2017-02-09,1.5872777339718491
2017-02-10,1.39342947019186
2017-02-11,1.3816255871819676
2017-02-12,1.628220211319735
2017-02-13,1.4063169891818863
2017-02-14,1.4826953876393554
2017-02-15,1.487688558745447
2017-02-16,1.5007742623327307
2017-02-17,1.482157885145646
2017-02-18,1.3561591284597532
2017-02-19,1.4358740149211662
2017-02-20,1.493994721472822
2017-02-21,1.5063790561498815
2017-02-22,1.3289633082528851
2017-02-23,1.3930126182573044
2017-02-24,1.334058285270776
2017-02-25,1.359989874299873
2017-02-26,1.5716457911573514
2017-02-27,1.3549166762620286
2017-02-28,1.424540795506251
2017-03-01,1.5187079039579088
2017-03-02,1.5093460442110311
2017-03-03,1.5455648478719128
2017-03-04,1.292837155081881
2017-03-05,1.382776494568681
2017-03-06,1.6433156596637006
2017-03-07,1.4571094581160322
2017-03-08,1.6569276632182866
2017-03-09,1.4595367824648549
2017-03-10,1.648509255485965
2017-03-11,1.462988147396989
2017-03-12,1.4648159317606373
2017-03-13,1.6801611557642415
2017-03-14,1.4399048607344394
2017-03-15,1.503805483436498
2017-03-16,1.6029181329161064
2017-03-17,1.557753756283063
2017-03-18,1.5050167865241535
2017-03-19,1.387801201012606
2017-03-20,1.5649056601982898
2017-03-21,1.6615496686014493
2017-03-22,1.7410525857975738
2017-03-23,1.4795550662179622
2017-03-24,1.5799084341969498
2017-03-25,1.5522220321267228
2017-03-26,1.6524036518506056
2017-03-27,1.6380396087410278
2017-03-28,1.5011030869464783
2017-03-29,1.8354870998993331
2017-03-30,1.667290990423844
2017-03-31,1.6814451479394237
2017-04-01,1.4724578162214297
2017-04-02,1.5723901615972014
2017-04-03,1.614672088217414
2017-04-04,1.6593540210180877
2017-04-05,1.4552570526968704
2017-04-06,1.698315462419267
2017-04-07,1.7876650973881547
2017-04-08,1.4355968016313787
2017-04-09,1.5441517220092285
2017-04-10,1.4394335645514604
2017-04-11,1.791211961301341
2017-04-12,1.7717740287119426
2017-04-13,1.656722578034393
2017-04-14,1.5309614681587531
2017-04-15,1.5098165780591732
2017-04-16,1.3938195389912966
2017-04-17,1.6212416871887787
2017-04-18,1.7402807253427226
2017-04-19,1.6785908017176436
2017-04-20,1.655545358106403
2017-04-21,1.695030573876667
2017-04-22,1.5785531631769558
2017-04-23,1.4127535875080732
2017-04-24,1.621691349032685
2017-04-25,1.582695626526745
2017-04-26,1.608308742417172
2017-04-27,1.7010655186787524
2017-04-28,1.5505569952899945
2017-04-29,1.4154255781386988
2017-04-30,1.5804807864054942
2017-05-01,1.5608245901182431
2017-05-02,1.6590514970444454
2017-05-03,1.526982877917723
2017-05-04,1.581611811156978
2017-05-05,1.7256587765838778
2017-05-06,1.5136987375901394
2017-05-07,1.6587851228997137
2017-05-08,1.4410097874428884
2017-05-09,1.6106440451004005
2017-05-10,1.5139133560647164
2017-05-11,1.5526031538103984
2017-05-12,1.5432168065260563
2017-05-13,1.4412942463525946
2017-05-14,1.3952928890386975
2017-05-15,1.6180897966987011
2017-05-16,1.4414288516137967
2017-05-17,1.4167988869310937
2017-05-18,1.4335138347134329
2017-05-19,1.5692202757337037
2017-05-20,1.3036837731959718
2017-05-21,1.521124175966786
2017-05-22,1.6139413571183012
2017-05-23,1.5449945591862126
2017-05-24,1.5619119559043952
2017-05-25,1.305387018473985
2017-05-26,1.4932196980510315
2017-05-27,1.5052037307576127
2017-05-28,1.3803276839127392
2017-05-29,1.489847637839803
2017-05-30,1.4758540335403252
2017-05-31,1.3674990446561104
2017-06-01,1.5510093131222762
2017-06-02,1.5938644045079489
2017-06-03,1.435713825724794
2017-06-04,1.1678463887644162
2017-06-05,1.42036025567942
2017-06-06,1.565656674954389
2017-06-07,1.486160417087328
2017-06-08,1.4646978115031004
2017-06-09,1.660451756149086
2017-06-10,1.1923267157269004
2017-06-11,1.292491758596908
2017-06-12,1.3529038800827675
2017-06-13,1.4501478589061785
2017-06-14,1.4729250626872272
2017-06-15,1.3924169978704477
2017-06-16,1.3869006330268867
2017-06-17,1.2764290044048576
2017-06-18,1.3582712812499127
2017-06-19,1.3531164076411346
2017-06-20,1.0677510894044837
2017-06-21,1.132055383322826
2017-06-22,1.1876389112615304
2017-06-23,1.139199803451522
2017-06-24,1.1260398451079925
2017-06-25,0.9794495987218156
2017-06-26,0.9932727758447006
2017-06-27,0.8914302361562328
2017-06-28,1.0729841674915592
2017-06-29,1.093126850743793
2017-06-30,1.0718188583568615
2017-07-01,0.8195774976223731
2017-07-02,0.8632964412290618
2017-07-03,1.040118872139363
2017-07-04,0.813625095697194
2017-07-05,0.9767598815154522
2017-07-06,0.6968247610514473
2017-07-07,0.9485891531131396
2017-07-08,0.8185774031657007
2017-07-09,0.752549684830376
2017-07-10,0.9331555490847424
2017-07-11,0.8719884449462455
2017-07-12,0.8717148741892937
2017-07-13,0.7923827840962935
2017-07-14,0.8247406280947114
2017-07-15,0.7673986053944469
2017-07-16,0.6253973879439896
2017-07-17,0.8576517081329854
2017-07-18,0.8589752430210714
2017-07-19,0.8046209873964696
2017-07-20,0.774267247403694
2017-07-21,0.7968037739951124
2017-07-22,0.7313873357054084
2017-07-23,0.7829660332856203
2017-07-24,0.8682531950541975
2017-07-25,0.8047922094218962
2017-07-26,0.7663454591005437
2017-07-27,0.7629212019986319
2017-07-28,0.8185122838023144
2017-07-29,0.755283676437417
2017-07-30,0.6473662958151799
2017-07-31,0.8978021108629306
2017-08-01,0.7625373094784993
2017-08-02,0.6890029498702123
2017-08-03,0.7248496216362175
2017-08-04,0.8277487389484505
2017-08-05,0.6155288486372299
2017-08-06,0.5852844190963711
2017-08-07,0.5035184322986057
2017-08-08,0.7270310421747369
2017-08-09,0.7377018279291855
2017-08-10,0.6344242655335138
2017-08-11,0.7739875281765211
2017-08-12,0.4861158109242026
2017-08-13,0.3744501411970138
2017-08-14,0.7613563207405724
2017-08-15,0.6812205022386179
2017-08-16,0.5488480743771789
2017-08-17,0.5038736899263372
2017-08-18,0.5840504971082957
2017-08-19,0.3460851334985071
2017-08-20,0.430226163419603
2017-08-21,0.6800492488853126
2017-08-22,0.7955436724449496
2017-08-23,0.7967497156811807
2017-08-24,0.5911081391083958
2017-08-25,0.5636566418679784
2017-08-26,0.4386751854624666
2017-08-27,0.4783254716621342
2017-08-28,0.6269879379626935
2017-08-29,0.6745766960882211
2017-08-30,0.665548659889446
2017-08-31,0.5036435806715971
2017-09-01,0.5812777905026167
2017-09-02,0.3697519721854261
2017-09-03,0.413767167310347
2017-09-04,0.6770070981430432
2017-09-05,0.6693435623361367
2017-09-06,0.5863151296930095
2017-09-07,0.6385114424242122
2017-09-08,0.6791152252029737
2017-09-09,0.3030932943178296
2017-09-10,0.4299022674158321
2017-09-11,0.5439965073589601
2017-09-12,0.5241776842975261
2017-09-13,0.3181400640292657
2017-09-14,0.6015574455256659
2017-09-15,0.4716701142649336
2017-09-16,0.2718707764093855
2017-09-17,0.4530447368998304
2017-09-18,0.5443550439099838
2017-09-19,0.5470204232313833
2017-09-20,0.4211010049190284
2017-09-21,0.6052178717298349
2017-09-22,0.5703623944240781
2017-09-23,0.4911581230511935
2017-09-24,0.3682546526742757
2017-09-25,0.4322445656615855
2017-09-26,0.5513157661807832
2017-09-27,0.5896098211920086
2017-09-28,0.4814747692850441
2017-09-29,0.5415305941663596
2017-09-30,0.331950951119106
2017-10-01,0.2668629915884037
2017-10-02,0.3973156393469723
2017-10-03,0.4185084372558041
2017-10-04,0.4683327763042211
2017-10-05,0.5302542921218951
2017-10-06,0.2728525757018278
2017-10-07,0.2794795583440278
2017-10-08,0.1927394142285368
2017-10-09,0.5114116688711998
2017-10-10,0.4683909282458355
2017-10-11,0.5975862048828791
2017-10-12,0.5602994759202006
2017-10-13,0.5510238601946
2017-10-14,0.3121300525252231
2017-10-15,0.3844794107202862
2017-10-16,0.5727017464658078
2017-10-17,0.5744405602932272
2017-10-18,0.5758553626749798
2017-10-19,0.5048059605322357
2017-10-20,0.4169590983955765
2017-10-21,0.2973479542422823
2017-10-22,0.2156522047172433
2017-10-23,0.3650764367291301
2017-10-24,0.4126653693799136
2017-10-25,0.4735807883651103
2017-10-26,0.5206042308883333
2017-10-27,0.5076986157024387
2017-10-28,0.1769840124261944
2017-10-29,0.2531753749697088
2017-10-30,0.4723927916839009
2017-10-31,0.4075182005825176
2017-11-01,0.4128403314370298
2017-11-02,0.5656938354940011
2017-11-03,0.5990164400899597
2017-11-04,0.2494011078159501
2017-11-05,0.2463068560389162
2017-11-06,0.5160172181644781
2017-11-07,0.4042894769115232
2017-11-08,0.5487874571582259
2017-11-09,0.4866447613301817
2017-11-10,0.3606259327792912
2017-11-11,0.3586335787299928
2017-11-12,0.3847537977180253
2017-11-13,0.8956619867915914
2017-11-14,0.9560947286932124
2017-11-15,0.45590655506732
2017-11-16,0.4865036705272066
2017-11-17,0.4372964044156989
2017-11-18,0.4182207005922553
2017-11-19,0.4173264908388403
2017-11-20,0.6459773832202419
2017-11-21,0.7251389635884192
2017-11-22,0.699967682513749
2017-11-23,0.5498871697739308
2017-11-24,0.5639635648680179
2017-11-25,0.4359496130351231
2017-11-26,0.6172068643625933
2017-11-27,0.6632010300225222
2017-11-28,0.670163758685955
2017-11-29,0.5172756924460216
2017-11-30,0.7134485874460064
2017-12-01,0.910044871565432
2017-12-02,0.4061724378525932
2017-12-03,0.6993806763898397
2017-12-04,0.6229720164910579
2017-12-05,0.7013793744460192
2017-12-06,0.6619604983700729
2017-12-07,0.8395017392009575
2017-12-08,0.7773187280354968
2017-12-09,0.746112323963042
2017-12-10,0.785140444482566
2017-12-11,0.6986113473163297
2017-12-12,0.920533325068349
2017-12-13,0.8024866357254338
2017-12-14,0.7020645470780076
2017-12-15,0.8566628901408138
2017-12-16,0.8900933347157756
2017-12-17,0.6158832083281043
2017-12-18,0.7362740457538808
2017-12-19,0.83426041133605
2017-12-20,0.737527982437987
2017-12-21,0.7966773061286239
2017-12-22,0.828511313323809
2017-12-23,0.7058470141090794
2017-12-24,0.634905946459198
2017-12-25,0.6047822576056142
2017-12-26,0.9439785480215764
2017-12-27,0.8253242783425294
2017-12-28,0.7369701007920699
2017-12-29,0.858308953270093
2017-12-30,0.6072355445474071
2017-12-31,0.6756668169665756
