Date,Actual_Rain,Forecast
2010-01-01,False,0.0989551487162952
2010-01-02,False,0.0247388216895055
2010-01-03,True,0.01
2010-01-04,True,0.01
2010-01-05,True,0.1031626289604915
2010-01-06,True,0.1172003997649033
2010-01-07,True,0.3063799089886895
2010-01-08,True,0.3971792355862247
2010-01-09,False,0.3653414135634578
2010-01-10,False,0.2654409400151272
2010-01-11,False,0.3034178405867636
2010-01-12,False,0.1926149438372905
2010-01-13,False,0.0187975429642551
2010-01-14,True,0.2307667915301214
2010-01-15,False,0.0642631413171447
2010-01-16,False,0.032017198038765
2010-01-17,False,0.01
2010-01-18,True,0.01
2010-01-19,True,0.0445902742208386
2010-01-20,False,0.1466421847120704
2010-01-21,False,0.0751530658990931
2010-01-22,False,0.0856157897755998
2010-01-23,False,0.2823794332496814
2010-01-24,True,0.247274235766774
2010-01-25,False,0.0454757301693441
2010-01-26,True,0.01
2010-01-27,True,0.032795660297768
2010-01-28,False,0.2808446355670911
2010-01-29,False,0.196845915210153
2010-01-30,False,0.1358319369723757
2010-01-31,False,0.1924347329865497
2010-02-01,False,0.1177458501203258
2010-02-02,False,0.051879932516378
2010-02-03,False,0.01
2010-02-04,False,0.1879451894488298
2010-02-05,True,0.1623514653617362
2010-02-06,True,0.0380479213915276
2010-02-07,False,0.2220205789272674
2010-02-08,True,0.0442734676192732
2010-02-09,True,0.1576665995305914
2010-02-10,False,0.2757176225660653
2010-02-11,False,0.3217148029686907
2010-02-12,True,0.1231772894421716
2010-02-13,False,0.0897592057924883
2010-02-14,True,0.0797851946289973
2010-02-15,True,0.0339034003408672
2010-02-16,False,0.2543366587416595
2010-02-17,True,0.2191520194081599
2010-02-18,True,0.1927747258550005
2010-02-19,True,0.298675115844112
2010-02-20,False,0.2051615178415821
2010-02-21,True,0.0449016364895714
2010-02-22,False,0.3573541027784789
2010-02-23,True,0.1939550215385257
2010-02-24,False,0.306442750175065
2010-02-25,True,0.1371996219142594
2010-02-26,False,0.1009107420380849
2010-02-27,True,0.1669753565929793
2010-02-28,False,0.0702097238253342
2010-03-01,True,0.1786384594130598
2010-03-02,False,0.1516096392090057
2010-03-03,False,0.206610722695795
2010-03-04,False,0.1631472304234776
2010-03-05,False,0.0708422294966142
2010-03-06,False,0.2258025006543609
2010-03-07,False,0.1216016137394344
2010-03-08,False,0.2477599666998909
2010-03-09,False,0.098908160706214
2010-03-10,True,0.0290395413270573
2010-03-11,True,0.0368707307368585
2010-03-12,False,0.0498947107995545
2010-03-13,True,0.1608813797282928
2010-03-14,True,0.01
2010-03-15,False,0.3692989929711687
2010-03-16,False,0.191849483823663
2010-03-17,True,0.1738102569798589
2010-03-18,False,0.01
2010-03-19,False,0.2195697795886007
2010-03-20,False,0.2342303490875139
2010-03-21,True,0.2459971957334495
2010-03-22,True,0.0609814655487539
2010-03-23,False,0.2737690689980702
2010-03-24,False,0.1092220631147627
2010-03-25,False,0.1535791780098934
2010-03-26,False,0.1437068013341059
2010-03-27,False,0.1433568134909636
2010-03-28,False,0.0577356473149212
2010-03-29,False,0.0367255805032148
2010-03-30,True,0.1124237885444696
2010-03-31,False,0.0515734956791739
2010-04-01,True,0.01
2010-04-02,False,0.1238182943174854
2010-04-03,False,0.1705084283994016
2010-04-04,False,0.1398940328896026
2010-04-05,False,0.0196099606302537
2010-04-06,False,0.1337088570722389
2010-04-07,False,0.0302688820894263
2010-04-08,False,0.0860624993158759
2010-04-09,False,0.01
2010-04-10,False,0.0674660814720553
2010-04-11,False,0.047627390027327
2010-04-12,True,0.01
2010-04-13,True,0.0880103674674811
2010-04-14,False,0.0373067677782175
2010-04-15,False,0.0137018155396894
2010-04-16,False,0.0358361381703008
2010-04-17,False,0.01
2010-04-18,False,0.1361308738859241
2010-04-19,True,0.01
2010-04-20,True,0.01
2010-04-21,True,0.1413244569063572
2010-04-22,False,0.0503644579102431
2010-04-23,True,0.0509085917840321
2010-04-24,False,0.3130920998972799
2010-04-25,False,0.0479812290917245
2010-04-26,False,0.1474769332211984
2010-04-27,False,0.037443422519748
2010-04-28,False,0.1395616937280058
2010-04-29,True,0.01
2010-04-30,True,0.0501245525186824
2010-05-01,False,0.01
2010-05-02,False,0.0112005263167102
2010-05-03,True,0.1675647229905246
2010-05-04,False,0.0645166947952201
2010-05-05,True,0.1170047677232469
2010-05-06,False,0.0359980538739779
2010-05-07,False,0.0420968356979273
2010-05-08,False,0.01
2010-05-09,True,0.039757819792529
2010-05-10,False,0.0801956164188486
2010-05-11,True,0.0855605683596259
2010-05-12,False,0.1714737062570283
2010-05-13,False,0.01
2010-05-14,False,0.2309408030522809
2010-05-15,False,0.0303545231452789
2010-05-16,False,0.0262910720218487
2010-05-17,False,0.0331261516490737
2010-05-18,False,0.084801083316751
2010-05-19,False,0.239665505432129
2010-05-20,False,0.01
2010-05-21,False,0.1071418092200379
2010-05-22,True,0.0259967488942245
2010-05-23,True,0.058418935272738
2010-05-24,False,0.1045286138918355
2010-05-25,False,0.0682355605656613
2010-05-26,False,0.0749512677619236
2010-05-27,False,0.1181548243229783
2010-05-28,False,0.1644965867752765
2010-05-29,False,0.0791889077137761
2010-05-30,False,0.1355124454117478
2010-05-31,False,0.0976612700497188
2010-06-01,False,0.01
2010-06-02,False,0.01
2010-06-03,False,0.1180124682390356
2010-06-04,False,0.01
2010-06-05,False,0.1604624867549312
2010-06-06,False,0.1027543102768251
2010-06-07,False,0.08888530726618
2010-06-08,False,0.01
2010-06-09,False,0.01
2010-06-10,False,0.0349067570309795
2010-06-11,False,0.01
2010-06-12,False,0.0879670776553287
2010-06-13,False,0.01
2010-06-14,False,0.1132430060183229
2010-06-15,False,0.1331725612719789
2010-06-16,False,0.01
2010-06-17,True,0.01
2010-06-18,True,0.0219980023469562
2010-06-19,False,0.01
2010-06-20,False,0.01
2010-06-21,False,0.130156259151399
2010-06-22,False,0.01
2010-06-23,False,0.01
2010-06-24,False,0.0263494250718481
2010-06-25,False,0.2637819366908019
2010-06-26,False,0.01
2010-06-27,False,0.0542712689347015
2010-06-28,False,0.01
2010-06-29,False,0.01
2010-06-30,True,0.01
2010-07-01,False,0.1320017587266692
2010-07-02,True,0.1794243379250973
2010-07-03,False,0.0137493229710106
2010-07-04,False,0.0381757021873108
2010-07-05,False,0.0509886510770208
2010-07-06,True,0.0870284023316965
2010-07-07,False,0.1522491135657516
2010-07-08,False,0.1078170642070633
2010-07-09,False,0.01291016427856
2010-07-10,False,0.0410742442521128
2010-07-11,False,0.0421378762595564
2010-07-12,True,0.01
2010-07-13,False,0.01
2010-07-14,False,0.01
2010-07-15,False,0.0784564299357714
2010-07-16,False,0.1013107565495872
2010-07-17,True,0.0236827279923036
2010-07-18,False,0.01
2010-07-19,False,0.0208960744425471
2010-07-20,False,0.01
2010-07-21,False,0.0365697621595207
2010-07-22,False,0.0462621413026067
2010-07-23,False,0.01
2010-07-24,False,0.1132941483590955
2010-07-25,False,0.1361219201164171
2010-07-26,False,0.01
2010-07-27,False,0.227316600290217
2010-07-28,False,0.01
2010-07-29,False,0.01
2010-07-30,False,0.0263471482327989
2010-07-31,False,0.0660390994716319
2010-08-01,False,0.1558926374767635
2010-08-02,False,0.0307001659922449
2010-08-03,False,0.01
2010-08-04,False,0.1040115289593189
2010-08-05,True,0.0525484944644332
2010-08-06,False,0.01
2010-08-07,False,0.022342363271964
2010-08-08,False,0.1170564321452393
2010-08-09,True,0.1690794887544709
2010-08-10,False,0.0753781392200543
2010-08-11,False,0.01
2010-08-12,False,0.0490161807899222
2010-08-13,False,0.1492975976592229
2010-08-14,True,0.053693403042922
2010-08-15,False,0.0320664091594072
2010-08-16,False,0.1075380833412445
2010-08-17,False,0.1555775510720357
2010-08-18,True,0.1269600601063713
2010-08-19,False,0.1472324833091968
2010-08-20,False,0.01
2010-08-21,True,0.1267923337354896
2010-08-22,False,0.01
2010-08-23,True,0.1304687843555421
2010-08-24,False,0.0797693006997721
2010-08-25,True,0.01390107758392
2010-08-26,False,0.01
2010-08-27,False,0.1297914598891446
2010-08-28,False,0.0899001287561802
2010-08-29,False,0.1522974687551611
2010-08-30,False,0.1428035846757495
2010-08-31,False,0.1187419708170724
2010-09-01,True,0.157537256002273
2010-09-02,False,0.01
2010-09-03,True,0.0483553310792954
2010-09-04,False,0.0615613343946516
2010-09-05,False,0.0134438597853763
2010-09-06,True,0.0972998748183684
2010-09-07,True,0.0497683403784936
2010-09-08,False,0.0908769946088184
2010-09-09,True,0.0371306653898525
2010-09-10,False,0.0660948855977045
2010-09-11,False,0.0623153211051117
2010-09-12,True,0.0428024714717707
2010-09-13,True,0.01
2010-09-14,False,0.0858684123241568
2010-09-15,False,0.1188460402183547
2010-09-16,False,0.1312503994893114
2010-09-17,False,0.0351008063945553
2010-09-18,False,0.01
2010-09-19,False,0.01
2010-09-20,False,0.1104520839293957
2010-09-21,False,0.0775354004463881
2010-09-22,True,0.01
2010-09-23,True,0.163387730224869
2010-09-24,True,0.01
2010-09-25,True,0.1447121697204772
2010-09-26,False,0.0908939334736405
2010-09-27,True,0.094969420664806
2010-09-28,True,0.2421562113324425
2010-09-29,False,0.2056992152498881
2010-09-30,False,0.0700247687991897
2010-10-01,True,0.2625625127157053
2010-10-02,True,0.2544266678468083
2010-10-03,True,0.2787427081111114
2010-10-04,True,0.1030084617809957
2010-10-05,False,0.1682756419201257
2010-10-06,True,0.3863090010452007
2010-10-07,False,0.1248983818641489
2010-10-08,False,0.2815558006619529
2010-10-09,False,0.141252302366875
2010-10-10,False,0.01
2010-10-11,False,0.0964828077949868
2010-10-12,False,0.2260830456804256
2010-10-13,True,0.1449359674265524
2010-10-14,True,0.1432856910371319
2010-10-15,True,0.0869910862059171
2010-10-16,True,0.01
2010-10-17,False,0.1607763999167038
2010-10-18,False,0.304682171944258
2010-10-19,True,0.0379532145286077
2010-10-20,False,0.1173992653190751
2010-10-21,False,0.0137275567912234
2010-10-22,True,0.019318079345407
2010-10-23,True,0.01
2010-10-24,False,0.1622987703079519
2010-10-25,True,0.3231092731338414
2010-10-26,False,0.138138443348009
2010-10-27,False,0.2344329776528603
2010-10-28,False,0.0705595990970502
2010-10-29,False,0.01
2010-10-30,False,0.0613591889492178
2010-10-31,True,0.1133463374136689
2010-11-01,False,0.0644444185333229
2010-11-02,False,0.01
2010-11-03,False,0.1041395844885578
2010-11-04,True,0.0553408941414683
2010-11-05,True,0.1334058739833943
2010-11-06,True,0.01
2010-11-07,False,0.01
2010-11-08,False,0.2679914414971883
2010-11-09,False,0.265573567292195
2010-11-10,True,0.01
2010-11-11,False,0.01
2010-11-12,False,0.01
2010-11-13,False,0.089360820727902
2010-11-14,True,0.1283171277656935
2010-11-15,False,0.2189462639266214
2010-11-16,False,0.01
2010-11-17,True,0.1917933996412575
2010-11-18,False,0.01
2010-11-19,False,0.01
2010-11-20,True,0.0721133997905028
2010-11-21,True,0.0773720831273878
2010-11-22,True,0.1325548999351063
2010-11-23,True,0.0515425990607579
2010-11-24,False,0.1671624034947167
2010-11-25,True,0.2574340095610197
2010-11-26,True,0.1687493902489094
2010-11-27,True,0.2373039978530359
2010-11-28,False,0.1244884943262662
2010-11-29,False,0.1084474130198486
2010-11-30,True,0.2990572190922076
2010-12-01,True,0.3001270541710736
2010-12-02,True,0.2163856491467637
2010-12-03,True,0.1280811363514481
2010-12-04,True,0.2646394035744001
2010-12-05,False,0.2397770340695601
2010-12-06,True,0.4470162687173989
2010-12-07,True,0.2669706306236202
2010-12-08,True,0.3776790482163244
2010-12-09,False,0.2529163249679022
2010-12-10,True,0.2315747614000225
2010-12-11,True,0.2160492756905467
2010-12-12,True,0.1286874487828986
2010-12-13,True,0.3608273550267483
2010-12-14,True,0.2748877708204235
2010-12-15,False,0.4106105685408838
2010-12-16,False,0.3549324791861823
2010-12-17,False,0.1561423026420863
2010-12-18,False,0.21305049936048
2010-12-19,False,0.0874349716276953
2010-12-20,False,0.01
2010-12-21,False,0.1015079200603652
2010-12-22,True,0.1158153037593367
2010-12-23,False,0.2147476881638138
2010-12-24,True,0.01
2010-12-25,True,0.01
2010-12-26,False,0.1485179826214336
2010-12-27,True,0.1242179757522149
2010-12-28,True,0.1908773096861337
2010-12-29,True,0.2990855990329606
2010-12-30,False,0.2193800794001573
2010-12-31,False,0.1353244493246483
2011-01-01,True,0.2765968831627646
2011-01-02,False,0.1132452707310265
2011-01-03,False,0.1673034554336166
2011-01-04,False,0.01
2011-01-05,True,0.0193151177931644
2011-01-06,True,0.0755043202780979
2011-01-07,False,0.01
2011-01-08,True,0.01
2011-01-09,False,0.1942221995420434
2011-01-10,False,0.2544026158619499
2011-01-11,False,0.01
2011-01-12,False,0.0131713416570749
2011-01-13,False,0.132877646509457
2011-01-14,True,0.01
2011-01-15,False,0.039007306221661
2011-01-16,True,0.1624692222880618
2011-01-17,False,0.1229985354573345
2011-01-18,False,0.0502652757358029
2011-01-19,True,0.1320124171675613
2011-01-20,True,0.01
2011-01-21,True,0.1959648658923712
2011-01-22,False,0.0922390850926495
2011-01-23,True,0.2157205119824867
2011-01-24,False,0.1472364882567634
2011-01-25,False,0.1492234177237038
2011-01-26,False,0.0869507191982302
2011-01-27,True,0.01
2011-01-28,True,0.2609630903106575
2011-01-29,False,0.01
2011-01-30,False,0.0307816579333214
2011-01-31,True,0.0316199152699109
2011-02-01,True,0.2435146962762252
2011-02-02,False,0.1797743380515976
2011-02-03,True,0.0714834688864131
2011-02-04,True,0.01
2011-02-05,False,0.2019344159158216
2011-02-06,True,0.3558861483781861
2011-02-07,False,0.1026671430215787
2011-02-08,True,0.2611698892612805
2011-02-09,False,0.138277784040092
2011-02-10,False,0.2384789605982769
2011-02-11,True,0.1338210250600331
2011-02-12,False,0.0571651069555176
2011-02-13,True,0.1524407868571742
2011-02-14,False,0.01
2011-02-15,True,0.01
2011-02-16,True,0.0303479975530199
2011-02-17,True,0.2222134204917242
2011-02-18,True,0.2414867230645801
2011-02-19,True,0.2184017798481972
2011-02-20,True,0.3221705589827981
2011-02-21,True,0.3121760449432059
2011-02-22,True,0.4892728620801574
2011-02-23,True,0.4454535898898679
2011-02-24,True,0.4065847216195359
2011-02-25,False,0.2395640738914795
2011-02-26,False,0.39296302647211
2011-02-27,True,0.2694596368740789
2011-02-28,True,0.4264535068649103
2011-03-01,False,0.1297544723455412
2011-03-02,True,0.138636747871564
2011-03-03,True,0.1120436835752236
2011-03-04,False,0.2223940519687622
2011-03-05,False,0.1241655251369094
2011-03-06,True,0.1803155651314604
2011-03-07,True,0.012210176952664
2011-03-08,True,0.1141614913349858
2011-03-09,True,0.0550042962405294
2011-03-10,True,0.2313559629328125
2011-03-11,True,0.3222969331285006
2011-03-12,False,0.4711346689481299
2011-03-13,True,0.3574457843999046
2011-03-14,True,0.2873076884872941
2011-03-15,False,0.134219548672265
2011-03-16,False,0.0974242630144291
2011-03-17,True,0.083869228581452
2011-03-18,True,0.117292731362655
2011-03-19,True,0.1157735912493083
2011-03-20,True,0.1213843454675288
2011-03-21,False,0.3227526915171843
2011-03-22,True,0.494243746011447
2011-03-23,False,0.1810539404874946
2011-03-24,True,0.2760229974835853
2011-03-25,True,0.3070439567489021
2011-03-26,True,0.1771748204246053
2011-03-27,False,0.2020959702739555
2011-03-28,True,0.1268052049878182
2011-03-29,False,0.4609623520007182
2011-03-30,False,0.1695117938353652
2011-03-31,True,0.1093984247791029
2011-04-01,True,0.01
2011-04-02,False,0.3259424377563626
2011-04-03,False,0.01
2011-04-04,True,0.01
2011-04-05,False,0.225688565510263
2011-04-06,False,0.2243622810166205
2011-04-07,True,0.1103449452443458
2011-04-08,False,0.01
2011-04-09,False,0.01
2011-04-10,False,0.0212830689649862
2011-04-11,False,0.0623577322625652
2011-04-12,False,0.0898632610372706
2011-04-13,False,0.0971202766615932
2011-04-14,False,0.0656882554085637
2011-04-15,False,0.01
2011-04-16,False,0.01
2011-04-17,False,0.0195568499846736
2011-04-18,False,0.01
2011-04-19,False,0.01
2011-04-20,False,0.01
2011-04-21,True,0.2088680802523861
2011-04-22,False,0.0465270756732239
2011-04-23,False,0.0402523091983141
2011-04-24,False,0.1499914345959576
2011-04-25,True,0.0591895505972836
2011-04-26,True,0.082160302222408
2011-04-27,False,0.0218305306994786
2011-04-28,False,0.0800119956673075
2011-04-29,False,0.1263284260559923
2011-04-30,False,0.2454152537355458
2011-05-01,False,0.1107173781058201
2011-05-02,True,0.0372748194029921
2011-05-03,False,0.01
2011-05-04,False,0.0543572684053811
2011-05-05,True,0.0916450761286374
2011-05-06,True,0.1519071537112336
2011-05-07,False,0.028722886079938
2011-05-08,False,0.0305408790485984
2011-05-09,False,0.1707979135981205
2011-05-10,False,0.0844816863039299
2011-05-11,False,0.01
2011-05-12,False,0.1585461333275241
2011-05-13,False,0.01
2011-05-14,False,0.0795853815824995
2011-05-15,False,0.2754376253971563
2011-05-16,False,0.069390926608923
2011-05-17,False,0.01
2011-05-18,False,0.01
2011-05-19,False,0.01
2011-05-20,True,0.2119272531632617
2011-05-21,True,0.2298580231018447
2011-05-22,False,0.1020357152057983
2011-05-23,False,0.0209480535152109
2011-05-24,False,0.0622490745841814
2011-05-25,False,0.0287693719619946
2011-05-26,False,0.0670692056257324
2011-05-27,False,0.066922025872025
2011-05-28,False,0.0775258316353453
2011-05-29,False,0.0166469647907324
2011-05-30,True,0.01
2011-05-31,False,0.1532155550344497
2011-06-01,False,0.01
2011-06-02,False,0.1299036663633938
2011-06-03,False,0.0177648269113419
2011-06-04,False,0.01
2011-06-05,False,0.0648024077227608
2011-06-06,False,0.1433109342834132
2011-06-07,False,0.01
2011-06-08,False,0.01
2011-06-09,False,0.1518370915251609
2011-06-10,False,0.01
2011-06-11,False,0.01
2011-06-12,False,0.0246158363457654
2011-06-13,True,0.01
2011-06-14,False,0.1057770184611083
2011-06-15,False,0.0791948654218731
2011-06-16,False,0.01
2011-06-17,False,0.0265633207091372
2011-06-18,False,0.0930522925571254
2011-06-19,False,0.01
2011-06-20,False,0.084313390212109
2011-06-21,False,0.01
2011-06-22,False,0.0858544890663698
2011-06-23,True,0.1393379202293938
2011-06-24,False,0.1086764324461866
2011-06-25,False,0.01
2011-06-26,False,0.10068592987064
2011-06-27,False,0.01
2011-06-28,True,0.1667003818074424
2011-06-29,False,0.0980153573399183
2011-06-30,False,0.1889639497076623
2011-07-01,False,0.3001756437236276
2011-07-02,False,0.0220358337189809
2011-07-03,False,0.1132416845733553
2011-07-04,False,0.01
2011-07-05,True,0.01
2011-07-06,False,0.1527085689388989
2011-07-07,False,0.1465777635948764
2011-07-08,False,0.1221576436516331
2011-07-09,False,0.0116866804502478
2011-07-10,True,0.0577953078360204
2011-07-11,False,0.01
2011-07-12,False,0.0661467046607073
2011-07-13,False,0.01
2011-07-14,True,0.0278122530593103
2011-07-15,False,0.1196722796127561
2011-07-16,False,0.2077220749494726
2011-07-17,False,0.01
2011-07-18,False,0.01
2011-07-19,False,0.0660875742931746
2011-07-20,True,0.022433629567622
2011-07-21,False,0.01
2011-07-22,False,0.1093186302442559
2011-07-23,False,0.01
2011-07-24,False,0.0320718658657292
2011-07-25,False,0.1002335928374073
2011-07-26,True,0.01
2011-07-27,False,0.0601475710222749
2011-07-28,False,0.1388038355023796
2011-07-29,False,0.01
2011-07-30,False,0.0659933170400798
2011-07-31,False,0.01
2011-08-01,False,0.1180802371518728
2011-08-02,False,0.0649465683110291
2011-08-03,False,0.01
2011-08-04,False,0.1925122073272712
2011-08-05,True,0.1208719465873522
2011-08-06,True,0.0613972510688926
2011-08-07,False,0.0645010008743194
2011-08-08,False,0.0396242288457961
2011-08-09,True,0.01
2011-08-10,False,0.1207533158459247
2011-08-11,True,0.1973464094159621
2011-08-12,False,0.01
2011-08-13,True,0.144922818475003
2011-08-14,False,0.1068002675518151
2011-08-15,True,0.01
2011-08-16,False,0.2163530094563459
2011-08-17,False,0.1496926251583201
2011-08-18,False,0.099268133513849
2011-08-19,False,0.105878150755302
2011-08-20,False,0.0601701935350389
2011-08-21,False,0.0715280961510921
2011-08-22,False,0.01
2011-08-23,True,0.3189998849794257
2011-08-24,False,0.0929718223551922
2011-08-25,False,0.1034155473877669
2011-08-26,True,0.1742313187022257
2011-08-27,False,0.0171534359961914
2011-08-28,False,0.01
2011-08-29,False,0.0374700286461054
2011-08-30,True,0.0300398104607534
2011-08-31,True,0.1217661178942588
2011-09-01,True,0.1559313510889075
2011-09-02,True,0.0204047672772271
2011-09-03,True,0.1233803743391427
2011-09-04,False,0.1807083478456341
2011-09-05,True,0.2134035790500492
2011-09-06,False,0.3060438372774312
2011-09-07,False,0.2427798313977243
2011-09-08,False,0.0842886132365907
2011-09-09,True,0.1603822045363542
2011-09-10,True,0.01
2011-09-11,False,0.01
2011-09-12,False,0.0824264108913502
2011-09-13,False,0.01
2011-09-14,True,0.01
2011-09-15,True,0.1770508575597156
2011-09-16,True,0.01
2011-09-17,False,0.1582046834113486
2011-09-18,False,0.4077277186596535
2011-09-19,False,0.2276508213860741
2011-09-20,False,0.2232035312506524
2011-09-21,False,0.0435181841833341
2011-09-22,False,0.2949617218623116
2011-09-23,False,0.01
2011-09-24,True,0.2042340142193102
2011-09-25,True,0.01
2011-09-26,False,0.074458881498861
2011-09-27,True,0.0573557161377301
2011-09-28,False,0.1160206613496126
2011-09-29,True,0.1633887415323775
2011-09-30,True,0.2479974953203736
2011-10-01,True,0.0499278978884477
2011-10-02,True,0.0811722664980396
2011-10-03,True,0.1876490808336669
2011-10-04,False,0.3866208870419314
2011-10-05,False,0.2226369117525015
2011-10-06,True,0.1026179222943593
2011-10-07,False,0.2296998909814479
2011-10-08,True,0.0108170707693409
2011-10-09,False,0.0705673943285654
2011-10-10,True,0.167983653974321
2011-10-11,False,0.1254637972494619
2011-10-12,False,0.117677346280075
2011-10-13,True,0.021462123676902
2011-10-14,True,0.074515616901851
2011-10-15,False,0.1790948667472261
2011-10-16,True,0.01
2011-10-17,False,0.2481496029747379
2011-10-18,False,0.2324259783861624
2011-10-19,False,0.1592102330284594
2011-10-20,True,0.0274883210726749
2011-10-21,True,0.0191131101013945
2011-10-22,True,0.01
2011-10-23,True,0.0522620675617244
2011-10-24,True,0.1919251912317539
2011-10-25,False,0.2625059426090403
2011-10-26,True,0.2565687391041215
2011-10-27,True,0.2824141637961062
2011-10-28,False,0.3383324560237615
2011-10-29,True,0.2769707331983485
2011-10-30,False,0.0866479981858656
2011-10-31,True,0.0578314457028929
2011-11-01,False,0.1171459468127792
2011-11-02,True,0.1837100638177203
2011-11-03,False,0.1061502574078742
2011-11-04,True,0.2482021178984953
2011-11-05,True,0.2333157744252999
2011-11-06,True,0.01
2011-11-07,True,0.0976188013801921
2011-11-08,True,0.2600853144859211
2011-11-09,False,0.472938324476269
2011-11-10,True,0.2685363672428291
2011-11-11,True,0.2413988514726734
2011-11-12,False,0.1914174659920453
2011-11-13,True,0.1596677344413421
2011-11-14,True,0.2587476774701122
2011-11-15,False,0.1281336862804697
2011-11-16,True,0.2002214394949994
2011-11-17,True,0.0377531594896593
2011-11-18,False,0.277476144598436
2011-11-19,True,0.3189555386599816
2011-11-20,True,0.2327018565895527
2011-11-21,False,0.3140070187750596
2011-11-22,False,0.2087119124925271
2011-11-23,False,0.0969396007132356
2011-11-24,False,0.1717526694282318
2011-11-25,False,0.01
2011-11-26,True,0.01
2011-11-27,True,0.03797750524737
2011-11-28,True,0.0695232954694998
2011-11-29,False,0.1186166244157776
2011-11-30,True,0.2099619040050125
2011-12-01,False,0.3066687341933793
2011-12-02,False,0.2951438875481912
2011-12-03,True,0.1126380348807374
2011-12-04,False,0.1913009828752745
2011-12-05,False,0.1673480264635884
2011-12-06,True,0.0223678089952789
2011-12-07,True,0.01
2011-12-08,False,0.1770935624764891
2011-12-09,True,0.066428417634452
2011-12-10,False,0.1614032341531493
2011-12-11,True,0.4049095966405118
2011-12-12,True,0.2926614585692156
2011-12-13,True,0.1618743548097641
2011-12-14,False,0.0709701939368606
2011-12-15,True,0.1784566430676088
2011-12-16,True,0.3287421256436974
2011-12-17,True,0.1206684757057077
2011-12-18,True,0.2540560757085118
2011-12-19,True,0.2700393616219042
2011-12-20,True,0.3693272119437965
2011-12-21,True,0.374976110754818
2011-12-22,True,0.379673215539328
2011-12-23,True,0.2654150687952213
2011-12-24,True,0.3073446464853294
2011-12-25,False,0.3164157957067856
2011-12-26,True,0.2894860055197927
2011-12-27,False,0.4019155093357452
2011-12-28,False,0.2236065359119655
2011-12-29,False,0.2500020436302152
2011-12-30,False,0.0845954573560135
2011-12-31,True,0.2336073673933824
2012-01-01,False,0.0441628303903046
2012-01-02,False,0.0623992304810124
2012-01-03,True,0.0489894351198575
2012-01-04,False,0.2753623380553519
2012-01-05,False,0.2179105170735921
2012-01-06,True,0.01
2012-01-07,False,0.0635381741558351
2012-01-08,True,0.0716243379212801
2012-01-09,True,0.0629193328157093
2012-01-10,True,0.1198112211122059
2012-01-11,True,0.2119720202945145
2012-01-12,False,0.2076809184017639
2012-01-13,True,0.337849810569658
2012-01-14,False,0.4078256250608927
2012-01-15,True,0.3500113498225529
2012-01-16,True,0.2312930151101689
2012-01-17,True,0.0665351491318174
2012-01-18,False,0.2410082789590206
2012-01-19,True,0.1389681805130359
2012-01-20,False,0.2308847022530708
2012-01-21,False,0.1199361797842748
2012-01-22,True,0.2775717676210704
2012-01-23,False,0.0161274380038936
2012-01-24,True,0.1760007755708546
2012-01-25,True,0.1984090556992366
2012-01-26,True,0.1717693437608513
2012-01-27,False,0.2706051098045464
2012-01-28,True,0.2109364720113162
2012-01-29,True,0.309956715648273
2012-01-30,False,0.224466430058746
2012-01-31,True,0.1803192542779449
2012-02-01,True,0.1434691837794992
2012-02-02,True,0.3610231716605592
2012-02-03,True,0.2178323567672806
2012-02-04,False,0.1864186253938368
2012-02-05,False,0.3066890766540919
2012-02-06,False,0.3346392980112926
2012-02-07,False,0.2246857217918352
2012-02-08,False,0.1922613254444093
2012-02-09,True,0.0353935502519067
2012-02-10,False,0.0571790628494745
2012-02-11,True,0.023566130388084
2012-02-12,False,0.037771731789841
2012-02-13,True,0.2358901161474212
2012-02-14,False,0.0644882171753467
2012-02-15,False,0.01
2012-02-16,True,0.2072169751415701
2012-02-17,True,0.1352616115902584
2012-02-18,True,0.3141422084455444
2012-02-19,True,0.0380776900903434
2012-02-20,False,0.0811898885744965
2012-02-21,True,0.2548708623763997
2012-02-22,False,0.2055773793975901
2012-02-23,True,0.2088295466741283
2012-02-24,False,0.1283227777463565
2012-02-25,True,0.01
2012-02-26,True,0.0841666219470826
2012-02-27,True,0.2772340271990089
2012-02-28,True,0.1551842391738845
2012-02-29,True,0.2255920427821211
2012-03-01,False,0.4308117731477065
2012-03-02,True,0.3419352594207476
2012-03-03,False,0.378982072699377
2012-03-04,False,0.3510613795207566
2012-03-05,False,0.2159699076259625
2012-03-06,False,0.01
2012-03-07,False,0.1414713259556471
2012-03-08,False,0.0384975227731778
2012-03-09,True,0.01
2012-03-10,False,0.01
2012-03-11,True,0.0570921395541815
2012-03-12,False,0.1492586212197071
2012-03-13,True,0.1321738907376753
2012-03-14,True,0.1913013163061909
2012-03-15,True,0.0499322643896246
2012-03-16,True,0.1229222657760039
2012-03-17,True,0.0956993791481063
2012-03-18,False,0.4779232329429627
2012-03-19,True,0.436311965250157
2012-03-20,False,0.3997703225977134
2012-03-21,True,0.1606840157043214
2012-03-22,False,0.2775597591248187
2012-03-23,True,0.2497191497562722
2012-03-24,False,0.1736871288218099
2012-03-25,False,0.0355282259073304
2012-03-26,False,0.202909538423552
2012-03-27,False,0.2575678607090592
2012-03-28,False,0.0567034668959164
2012-03-29,False,0.1830277197109286
2012-03-30,False,0.1944391228950532
2012-03-31,False,0.01
2012-04-01,True,0.0147813840807071
2012-04-02,False,0.1278141292949714
2012-04-03,True,0.01
2012-04-04,True,0.01
2012-04-05,False,0.01
2012-04-06,True,0.2816677862938013
2012-04-07,True,0.0500650244538731
2012-04-08,True,0.2170836668866751
2012-04-09,False,0.3045254522090939
2012-04-10,True,0.1131422011424333
2012-04-11,False,0.2314810874714875
2012-04-12,False,0.1525735982938911
2012-04-13,False,0.1258671485355221
2012-04-14,False,0.0823313656864722
2012-04-15,False,0.0336897849155917
2012-04-16,False,0.0828192152722569
2012-04-17,True,0.0344705462626109
2012-04-18,False,0.0458151974072384
2012-04-19,False,0.056495518802102
2012-04-20,True,0.01
2012-04-21,False,0.020602288722626
2012-04-22,True,0.1174539609863873
2012-04-23,False,0.0690630228546952
2012-04-24,False,0.1251748844587143
2012-04-25,False,0.0464076560539165
2012-04-26,False,0.0475966725771857
2012-04-27,False,0.0946142066076798
2012-04-28,False,0.1205646396896448
2012-04-29,False,0.0403097236268695
2012-04-30,True,0.01
2012-05-01,False,0.1279618659625509
2012-05-02,False,0.0638963931115386
2012-05-03,False,0.0326304767731198
2012-05-04,False,0.0858177308123126
2012-05-05,False,0.0146210346651524
2012-05-06,False,0.0480510093611928
2012-05-07,False,0.0121179781799722
2012-05-08,False,0.0669264908462121
2012-05-09,False,0.2300604253076009
2012-05-10,False,0.0318903785733659
2012-05-11,False,0.0660048982140335
2012-05-12,False,0.084002127675815
2012-05-13,False,0.162141438747935
2012-05-14,False,0.0810399314902942
2012-05-15,False,0.01
2012-05-16,False,0.2243620112953178
2012-05-17,True,0.1423162732978883
2012-05-18,False,0.01
2012-05-19,False,0.02216568570801
2012-05-20,True,0.1706707305789644
2012-05-21,False,0.0796994519942977
2012-05-22,False,0.0532527268032077
2012-05-23,True,0.1063659255024498
2012-05-24,False,0.1913956987260532
2012-05-25,True,0.1650841974246613
2012-05-26,False,0.01
2012-05-27,False,0.0541570143392756
2012-05-28,False,0.01
2012-05-29,False,0.01
2012-05-30,False,0.1452068009668886
2012-05-31,False,0.1191384006327268
2012-06-01,False,0.083545459394698
2012-06-02,False,0.0442132387291942
2012-06-03,False,0.01
2012-06-04,False,0.0343244626870059
2012-06-05,False,0.0128374590351585
2012-06-06,False,0.0463472588089616
2012-06-07,False,0.1284254005261018
2012-06-08,False,0.0585483905126499
2012-06-09,False,0.0577014349024701
2012-06-10,False,0.0417013048905622
2012-06-11,False,0.0603653557807543
2012-06-12,False,0.01
2012-06-13,False,0.01
2012-06-14,False,0.0328073175148427
2012-06-15,False,0.1083287283705869
2012-06-16,False,0.0283898045238131
2012-06-17,False,0.0515037081041343
2012-06-18,False,0.0210032499327391
2012-06-19,True,0.1158912222868692
2012-06-20,False,0.1850912984155149
2012-06-21,False,0.0105720567889675
2012-06-22,True,0.0905786221251449
2012-06-23,False,0.1338690901857603
2012-06-24,False,0.01
2012-06-25,False,0.0477223652696135
2012-06-26,False,0.1375237236642396
2012-06-27,False,0.01
2012-06-28,False,0.1958862320358305
2012-06-29,False,0.0214182458286505
2012-06-30,False,0.0859689112135224
2012-07-01,False,0.01
2012-07-02,False,0.194495045683851
2012-07-03,False,0.1797081047590011
2012-07-04,False,0.0711945109744305
2012-07-05,False,0.0426286595015767
2012-07-06,False,0.1419795323508614
2012-07-07,False,0.01
2012-07-08,False,0.0757488356128339
2012-07-09,False,0.01
2012-07-10,False,0.0516309112282002
2012-07-11,False,0.0460880952193878
2012-07-12,False,0.01
2012-07-13,True,0.0343273788133234
2012-07-14,False,0.0922555300183552
2012-07-15,True,0.01
2012-07-16,False,0.0112811859746846
2012-07-17,False,0.1521637020812263
2012-07-18,False,0.1059999447204547
2012-07-19,False,0.01
2012-07-20,False,0.051633392853342
2012-07-21,False,0.01
2012-07-22,True,0.0741617592604348
2012-07-23,False,0.01
2012-07-24,False,0.0806801693600118
2012-07-25,False,0.1498469967286583
2012-07-26,False,0.01
2012-07-27,False,0.0966935642736536
2012-07-28,False,0.01
2012-07-29,False,0.0358519346672707
2012-07-30,False,0.0489975985651073
2012-07-31,False,0.0596464579192111
2012-08-01,False,0.01
2012-08-02,True,0.16034981950038
2012-08-03,True,0.1888283829584985
2012-08-04,False,0.0656793506198776
2012-08-05,False,0.0472505874969283
2012-08-06,False,0.022930717563987
2012-08-07,True,0.2329823326355685
2012-08-08,False,0.01
2012-08-09,False,0.1706253513400957
2012-08-10,False,0.01
2012-08-11,False,0.0561261806380912
2012-08-12,True,0.01
2012-08-13,True,0.01
2012-08-14,False,0.0392812868752478
2012-08-15,False,0.01
2012-08-16,True,0.0619997243286182
2012-08-17,False,0.0144378435839234
2012-08-18,True,0.0948194418959626
2012-08-19,True,0.01
2012-08-20,False,0.0791340215336878
2012-08-21,False,0.0840175681153952
2012-08-22,False,0.0750094325300515
2012-08-23,False,0.1769578043073238
2012-08-24,False,0.01
2012-08-25,False,0.1296369847055307
2012-08-26,False,0.01
2012-08-27,True,0.01
2012-08-28,False,0.01
2012-08-29,False,0.01
2012-08-30,False,0.0404051055851607
2012-08-31,False,0.0576529719542245
2012-09-01,False,0.0960754876537847
2012-09-02,True,0.01
2012-09-03,False,0.1149102309744638
2012-09-04,True,0.01
2012-09-05,False,0.123221545475377
2012-09-06,True,0.1646040061107597
2012-09-07,True,0.2352161865967087
2012-09-08,False,0.0986795495436703
2012-09-09,False,0.1718478818847188
2012-09-10,False,0.1650205616957367
2012-09-11,False,0.0236640755117324
2012-09-12,True,0.01
2012-09-13,False,0.01
2012-09-14,True,0.01
2012-09-15,False,0.01
2012-09-16,False,0.1533836622269224
2012-09-17,False,0.1347745521103354
2012-09-18,True,0.0416354097662422
2012-09-19,False,0.01
2012-09-20,False,0.1134901289517149
2012-09-21,False,0.1758926576513722
2012-09-22,True,0.0290112861187231
2012-09-23,False,0.01
2012-09-24,False,0.0336597642231019
2012-09-25,False,0.1112489365401896
2012-09-26,False,0.2538435632626674
2012-09-27,False,0.01
2012-09-28,True,0.01
2012-09-29,True,0.1485805678698029
2012-09-30,True,0.084333247540405
2012-10-01,False,0.0689312181614074
2012-10-02,False,0.2891192559936382
2012-10-03,False,0.2537393532580622
2012-10-04,False,0.251197801533555
2012-10-05,True,0.0370465726037821
2012-10-06,True,0.0424141455152582
2012-10-07,True,0.01
2012-10-08,False,0.01
2012-10-09,True,0.1079060661323138
2012-10-10,False,0.3425703990163888
2012-10-11,True,0.3425932919157594
2012-10-12,True,0.2031493119476364
2012-10-13,True,0.0852790011837163
2012-10-14,False,0.3033221986768933
2012-10-15,True,0.1355795422676305
2012-10-16,True,0.0768223801424547
2012-10-17,True,0.2923084853268856
2012-10-18,True,0.3051960585819211
2012-10-19,True,0.0368698779575988
2012-10-20,False,0.1998243977003546
2012-10-21,False,0.3467047272270099
2012-10-22,True,0.2645709358229892
2012-10-23,False,0.1537298520108628
2012-10-24,False,0.0759938168104541
2012-10-25,False,0.0937137146152548
2012-10-26,False,0.055527184725727
2012-10-27,False,0.0268698925209818
2012-10-28,True,0.01
2012-10-29,True,0.01
2012-10-30,False,0.01
2012-10-31,True,0.1723443401249287
2012-11-01,False,0.01
2012-11-02,True,0.3604960583232355
2012-11-03,True,0.1288644782674806
2012-11-04,False,0.1262516350526293
2012-11-05,True,0.1325019248496817
2012-11-06,True,0.013373803227143
2012-11-07,True,0.2992976574186388
2012-11-08,True,0.393103086684165
2012-11-09,False,0.01
2012-11-10,True,0.4142323440906955
2012-11-11,False,0.2065939249793492
2012-11-12,False,0.1358943034400833
2012-11-13,False,0.0795365074026183
2012-11-14,True,0.01
2012-11-15,False,0.01
2012-11-16,True,0.0811591999819739
2012-11-17,True,0.0777318825988881
2012-11-18,True,0.151141617213544
2012-11-19,True,0.3368285810828613
2012-11-20,False,0.2488798110278501
2012-11-21,False,0.3658860140107631
2012-11-22,True,0.1391745470222
2012-11-23,False,0.0892653103605852
2012-11-24,False,0.2585636868412955
2012-11-25,True,0.01
2012-11-26,True,0.1434229172588197
2012-11-27,False,0.01
2012-11-28,True,0.01
2012-11-29,False,0.3027417003239057
2012-11-30,True,0.3145779265124498
2012-12-01,True,0.3016839178392629
2012-12-02,True,0.2508654020509227
2012-12-03,False,0.2930963079802656
2012-12-04,True,0.1507714820893651
2012-12-05,True,0.3616572494278059
2012-12-06,True,0.3892699396275272
2012-12-07,False,0.1476604938199558
2012-12-08,True,0.0771793787985593
2012-12-09,False,0.2749369912592785
2012-12-10,True,0.1825408166098565
2012-12-11,False,0.2344551834665801
2012-12-12,False,0.0368310105673067
2012-12-13,False,0.2603458426504492
2012-12-14,False,0.01
2012-12-15,False,0.0724389952904281
2012-12-16,False,0.1453499141739582
2012-12-17,True,0.2871452066578297
2012-12-18,True,0.01
2012-12-19,False,0.01
2012-12-20,False,0.1651180425304113
2012-12-21,True,0.1857179805278559
2012-12-22,True,0.01
2012-12-23,True,0.0497728411118039
2012-12-24,True,0.1523998536045489
2012-12-25,False,0.1594083281545514
2012-12-26,True,0.3925795012271164
2012-12-27,True,0.3608647612798187
2012-12-28,False,0.3396020777382721
2012-12-29,True,0.0706999218524735
2012-12-30,True,0.2072436187716465
2012-12-31,True,0.2311017552500955
2013-01-01,True,0.2170152228759101
2013-01-02,False,0.3194831277297068
2013-01-03,True,0.401485042670376
2013-01-04,True,0.1906222922161705
2013-01-05,True,0.2749415541320326
2013-01-06,True,0.2675251052011973
2013-01-07,True,0.4779065179109245
2013-01-08,True,0.2778419455716857
2013-01-09,True,0.4477323230410827
2013-01-10,True,0.3203437310850584
2013-01-11,True,0.6513018041264602
2013-01-12,False,0.4421450847648976
2013-01-13,True,0.2269348999699735
2013-01-14,True,0.2426918918564036
2013-01-15,False,0.3879719434773955
2013-01-16,True,0.1158102339717977
2013-01-17,True,0.0423808331155755
2013-01-18,True,0.3496227940135431
2013-01-19,True,0.2650855248818297
2013-01-20,True,0.1994719547346509
2013-01-21,False,0.3208362195027444
2013-01-22,False,0.495234454747299
2013-01-23,True,0.1926392320304921
2013-01-24,True,0.3186645782352458
2013-01-25,False,0.0962544312899587
2013-01-26,True,0.1144753835190904
2013-01-27,False,0.2441720285055018
2013-01-28,True,0.0266874047902875
2013-01-29,True,0.2529677842931545
2013-01-30,True,0.1338261318212273
2013-01-31,True,0.0552910945886363
2013-02-01,False,0.1727942571164784
2013-02-02,False,0.3389805906937103
2013-02-03,False,0.2256234800578728
2013-02-04,True,0.3641722518062849
2013-02-05,True,0.1638817402305246
2013-02-06,True,0.17831055209076
2013-02-07,True,0.045292151951493
2013-02-08,True,0.1651235371649277
2013-02-09,True,0.4551922020694478
2013-02-10,False,0.2725337595932116
2013-02-11,True,0.3313122250929314
2013-02-12,False,0.3206395521179142
2013-02-13,True,0.1644483312816573
2013-02-14,True,0.3260164954978414
2013-02-15,True,0.1907842012260352
2013-02-16,True,0.2611470163673544
2013-02-17,False,0.1440606316925008
2013-02-18,True,0.3226180190749052
2013-02-19,True,0.2512983767846348
2013-02-20,False,0.20027080935976
2013-02-21,True,0.1810988270659565
2013-02-22,False,0.1318591128354104
2013-02-23,False,0.0968320464430766
2013-02-24,False,0.1149500486729326
2013-02-25,False,0.01
2013-02-26,True,0.0458699023173414
2013-02-27,True,0.01
2013-02-28,True,0.10354005664225
2013-03-01,True,0.0831933915162395
2013-03-02,False,0.1883737699338898
2013-03-03,True,0.3207978803545835
2013-03-04,False,0.269992863655443
2013-03-05,True,0.2616601138622176
2013-03-06,False,0.1641343627193444
2013-03-07,True,0.1463860071967442
2013-03-08,True,0.1686762696210492
2013-03-09,True,0.1255840679114411
2013-03-10,False,0.1883863202421964
2013-03-11,True,0.1735458661859814
2013-03-12,True,0.2288692837316824
2013-03-13,True,0.3047965639303786
2013-03-14,True,0.1912589918098897
2013-03-15,False,0.2367576853994707
2013-03-16,True,0.1431484782231689
2013-03-17,True,0.2349145129284909
2013-03-18,False,0.374142710322004
2013-03-19,False,0.1122094027845384
2013-03-20,True,0.01
2013-03-21,False,0.267509113453422
2013-03-22,False,0.1294273565047253
2013-03-23,True,0.0702228610348179
2013-03-24,True,0.01
2013-03-25,True,0.1477956384360808
2013-03-26,True,0.2207788193784673
2013-03-27,True,0.01
2013-03-28,True,0.2039675390544092
2013-03-29,True,0.3413176537189974
2013-03-30,True,0.3474412653287406
2013-03-31,True,0.2719267424820061
2013-04-01,False,0.4107412543057704
2013-04-02,False,0.1701657201000079
2013-04-03,False,0.1778497649482103
2013-04-04,False,0.1761830958381638
2013-04-05,False,0.01
2013-04-06,False,0.01
2013-04-07,False,0.03176308498763
2013-04-08,False,0.01
2013-04-09,False,0.2007149546623921
2013-04-10,False,0.1237394365451105
2013-04-11,False,0.01
2013-04-12,False,0.01
2013-04-13,False,0.01
2013-04-14,False,0.01
2013-04-15,False,0.01
2013-04-16,False,0.0418467633662482
2013-04-17,False,0.1804660540065805
2013-04-18,False,0.0936924596429328
2013-04-19,False,0.0955946344553726
2013-04-20,True,0.01
2013-04-21,False,0.01
2013-04-22,True,0.01
2013-04-23,True,0.01
2013-04-24,False,0.0456191193509196
2013-04-25,True,0.194238401716271
2013-04-26,False,0.0856844118704976
2013-04-27,True,0.3606248279335744
2013-04-28,True,0.1490734571272111
2013-04-29,False,0.2048667687597332
2013-04-30,False,0.109214865009295
2013-05-01,False,0.051161166051651
2013-05-02,False,0.153499781832738
2013-05-03,False,0.0384052685963912
2013-05-04,False,0.0605917913014718
2013-05-05,False,0.1071605868951751
2013-05-06,True,0.01
2013-05-07,True,0.0692057427219699
2013-05-08,False,0.1595755615135285
2013-05-09,True,0.01
2013-05-10,False,0.0381118763947061
2013-05-11,False,0.3255589839409881
2013-05-12,True,0.1115896413222444
2013-05-13,True,0.2021162987872708
2013-05-14,False,0.0842348378096909
2013-05-15,False,0.01
2013-05-16,False,0.0528137344175258
2013-05-17,False,0.0595752902912043
2013-05-18,False,0.1133042303358455
2013-05-19,False,0.1074212917670839
2013-05-20,False,0.0789754939791409
2013-05-21,False,0.0991636937779581
2013-05-22,False,0.1189196612056962
2013-05-23,False,0.0240413414225736
2013-05-24,True,0.01
2013-05-25,True,0.010525594871237
2013-05-26,True,0.1960372098722315
2013-05-27,True,0.01
2013-05-28,False,0.2727722612067902
2013-05-29,False,0.1520415605996603
2013-05-30,False,0.0952468672276278
2013-05-31,False,0.0932196164148056
2013-06-01,False,0.0824594188742722
2013-06-02,False,0.215494401344059
2013-06-03,False,0.01
2013-06-04,False,0.1141564518689315
2013-06-05,False,0.01
2013-06-06,False,0.046536712997295
2013-06-07,False,0.01
2013-06-08,False,0.0704064830039397
2013-06-09,False,0.01
2013-06-10,True,0.0806811220971475
2013-06-11,False,0.1945191344612459
2013-06-12,True,0.01
2013-06-13,False,0.0607016359050011
2013-06-14,False,0.086932757302987
2013-06-15,False,0.0224133367738543
2013-06-16,False,0.0831538935322418
2013-06-17,False,0.1168039405375395
2013-06-18,False,0.101371114618079
2013-06-19,False,0.0863888073529429
2013-06-20,False,0.01
2013-06-21,False,0.0558346503732146
2013-06-22,True,0.0831454844283183
2013-06-23,True,0.0597299927190801
2013-06-24,False,0.01
2013-06-25,False,0.0930177728725493
2013-06-26,False,0.0153516361316445
2013-06-27,False,0.0994960298281107
2013-06-28,False,0.01
2013-06-29,False,0.1051738667394721
2013-06-30,True,0.0357760298086514
2013-07-01,False,0.01
2013-07-02,False,0.01
2013-07-03,False,0.01
2013-07-04,False,0.0435090254928337
2013-07-05,False,0.01
2013-07-06,False,0.1064964787786654
2013-07-07,False,0.060127696928936
2013-07-08,False,0.01
2013-07-09,True,0.01
2013-07-10,False,0.01
2013-07-11,False,0.01
2013-07-12,False,0.01
2013-07-13,False,0.0389898882348951
2013-07-14,False,0.0453231642965639
2013-07-15,False,0.01
2013-07-16,False,0.1862534766898118
2013-07-17,False,0.0687950925859042
2013-07-18,False,0.01
2013-07-19,False,0.0766439772116307
2013-07-20,False,0.1130782221347148
2013-07-21,False,0.1925373132477243
2013-07-22,False,0.01
2013-07-23,False,0.3202046718417909
2013-07-24,False,0.1120975874541015
2013-07-25,False,0.0909151324665521
2013-07-26,False,0.0772020030097344
2013-07-27,False,0.2130658701596908
2013-07-28,True,0.0884997425097369
2013-07-29,False,0.087587635289942
2013-07-30,False,0.01
2013-07-31,False,0.0768590561282402
2013-08-01,False,0.1636829717769276
2013-08-02,False,0.01
2013-08-03,True,0.1434817461626403
2013-08-04,False,0.01
2013-08-05,False,0.0537547431868809
2013-08-06,True,0.0843338207192708
2013-08-07,False,0.01
2013-08-08,False,0.1477496126234595
2013-08-09,True,0.01
2013-08-10,False,0.0265648575296355
2013-08-11,False,0.01
2013-08-12,True,0.01
2013-08-13,True,0.063605632171471
2013-08-14,True,0.1618405937646068
2013-08-15,False,0.01
2013-08-16,True,0.1368058667656292
2013-08-17,True,0.1387076562291929
2013-08-18,False,0.3372210815359097
2013-08-19,False,0.1689348139906718
2013-08-20,False,0.0805325714468734
2013-08-21,False,0.01
2013-08-22,False,0.1409328370178075
2013-08-23,False,0.0570885203166225
2013-08-24,False,0.1477410411502195
2013-08-25,False,0.1255155525231299
2013-08-26,False,0.2536019344940113
2013-08-27,False,0.01
2013-08-28,False,0.01
2013-08-29,True,0.01
2013-08-30,True,0.039387272437407
2013-08-31,False,0.1110674299529746
2013-09-01,False,0.1107812759685982
2013-09-02,True,0.0837448122962113
2013-09-03,True,0.222547759570717
2013-09-04,False,0.0198275775097878
2013-09-05,True,0.01
2013-09-06,True,0.2647719161911981
2013-09-07,False,0.3014468951733043
2013-09-08,False,0.0632793394167493
2013-09-09,True,0.0948123426993149
2013-09-10,False,0.1509490323851125
2013-09-11,False,0.0413837894908323
2013-09-12,False,0.0693472510307884
2013-09-13,False,0.0463931063065253
2013-09-14,False,0.081609285609936
2013-09-15,True,0.0598277716851917
2013-09-16,True,0.01
2013-09-17,True,0.01
2013-09-18,True,0.0755242970775557
2013-09-19,True,0.0893494115818928
2013-09-20,False,0.3099411635479789
2013-09-21,False,0.2695974223792455
2013-09-22,False,0.1547348798138139
2013-09-23,True,0.072081475636376
2013-09-24,False,0.088244795897815
2013-09-25,True,0.01
2013-09-26,True,0.1389311407127839
2013-09-27,True,0.01
2013-09-28,True,0.3084004538008453
2013-09-29,False,0.1595015355988711
2013-09-30,False,0.3075711469847026
2013-10-01,False,0.2811431964252783
2013-10-02,False,0.2496850032389317
2013-10-03,False,0.0963070663812575
2013-10-04,True,0.0524032453265328
2013-10-05,False,0.1111510931257492
2013-10-06,False,0.099182432884387
2013-10-07,False,0.01
2013-10-08,False,0.1542770296983286
2013-10-09,True,0.01
2013-10-10,True,0.01
2013-10-11,False,0.0454352672204169
2013-10-12,True,0.0932262471153602
2013-10-13,True,0.0902976784314201
2013-10-14,False,0.0547665201953311
2013-10-15,False,0.2658742073394181
2013-10-16,False,0.0895316930747205
2013-10-17,False,0.2240305590885992
2013-10-18,True,0.1468185617780482
2013-10-19,False,0.01
2013-10-20,True,0.01
2013-10-21,True,0.01
2013-10-22,True,0.058778841805923
2013-10-23,True,0.2016024648745642
2013-10-24,False,0.0667148544533589
2013-10-25,True,0.3533083678709147
2013-10-26,False,0.1587315087050788
2013-10-27,True,0.321132777244014
2013-10-28,False,0.2279254996693756
2013-10-29,False,0.0535702429462756
2013-10-30,False,0.117071497815846
2013-10-31,True,0.01
2013-11-01,False,0.01
2013-11-02,True,0.01
2013-11-03,True,0.01
2013-11-04,True,0.1365724493157468
2013-11-05,False,0.1860139086695322
2013-11-06,True,0.1529433861235648
2013-11-07,True,0.1916795410209252
2013-11-08,True,0.3335971350241122
2013-11-09,True,0.3314901213833693
2013-11-10,True,0.1481651180323874
2013-11-11,True,0.2452406006867604
2013-11-12,True,0.4378739396052253
2013-11-13,True,0.4450709398289307
2013-11-14,False,0.3659239544184238
2013-11-15,False,0.4699676592400118
2013-11-16,False,0.2949683646143811
2013-11-17,False,0.1803397569064533
2013-11-18,False,0.01
2013-11-19,False,0.0648344794926377
2013-11-20,True,0.01
2013-11-21,True,0.01
2013-11-22,True,0.0276739486498133
2013-11-23,False,0.122804358973162
2013-11-24,False,0.2775702010456726
2013-11-25,False,0.2385346947341969
2013-11-26,False,0.1851878653919566
2013-11-27,False,0.2647948751110056
2013-11-28,False,0.1719259111292978
2013-11-29,True,0.0703407848048974
2013-11-30,True,0.1076852996049202
2013-12-01,True,0.0454210077403274
2013-12-02,False,0.0333201062106568
2013-12-03,True,0.1011469584816556
2013-12-04,False,0.2387364555239219
2013-12-05,True,0.249616574671864
2013-12-06,True,0.2976346905615347
2013-12-07,True,0.01
2013-12-08,True,0.2265500984750768
2013-12-09,True,0.0786062913662276
2013-12-10,True,0.4107134275980657
2013-12-11,False,0.2957941904075744
2013-12-12,False,0.3137119876484008
2013-12-13,True,0.0372438500614327
2013-12-14,True,0.095324303168174
2013-12-15,True,0.3516617037079044
2013-12-16,True,0.0487610485328621
2013-12-17,True,0.2846638768114489
2013-12-18,True,0.1482782047240834
2013-12-19,False,0.1386780251834441
2013-12-20,False,0.2324149469208307
2013-12-21,True,0.2393748038616579
2013-12-22,False,0.2253374797721968
2013-12-23,True,0.1131350863511839
2013-12-24,False,0.2054442643376874
2013-12-25,False,0.1000175304386511
2013-12-26,True,0.0570227817474175
2013-12-27,True,0.01
2013-12-28,True,0.0454710948939806
2013-12-29,True,0.01
2013-12-30,True,0.2406103183248611
2013-12-31,True,0.3608019942645022
2014-01-01,False,0.2993184374812963
2014-01-02,False,0.2812084938279727
2014-01-03,False,0.4444286620519999
2014-01-04,False,0.1203031854037527
2014-01-05,True,0.01
2014-01-06,True,0.01
2014-01-07,False,0.01
2014-01-08,True,0.0285696140205215
2014-01-09,True,0.2732117070031247
2014-01-10,True,0.3016747557194895
2014-01-11,True,0.1961877266918659
2014-01-12,True,0.3251886269457284
2014-01-13,True,0.3320889606884765
2014-01-14,False,0.4816408624973526
2014-01-15,False,0.3379988029413098
2014-01-16,True,0.1783402991824537
2014-01-17,True,0.2780250521812085
2014-01-18,False,0.2981800519461627
2014-01-19,True,0.1387961736430972
2014-01-20,False,0.1731805480191297
2014-01-21,True,0.2512603645529546
2014-01-22,True,0.3240880327154451
2014-01-23,True,0.01
2014-01-24,True,0.2799440259866681
2014-01-25,True,0.5211307886449157
2014-01-26,True,0.2705206211078946
2014-01-27,False,0.3354003119182898
2014-01-28,False,0.1862494003246225
2014-01-29,False,0.2373658668001603
2014-01-30,False,0.145053592627525
2014-01-31,True,0.01
2014-02-01,True,0.0302459989474967
2014-02-02,False,0.01
2014-02-03,True,0.1524526552550846
2014-02-04,True,0.1867486520347452
2014-02-05,True,0.2251844781173716
2014-02-06,False,0.2214908093283706
2014-02-07,True,0.1229493337311959
2014-02-08,True,0.1974563773705617
2014-02-09,True,0.370322737149531
2014-02-10,True,0.2259228464559032
2014-02-11,False,0.1650662286485025
2014-02-12,True,0.2572734253001447
2014-02-13,False,0.2799639855031657
2014-02-14,True,0.2091406304304848
2014-02-15,True,0.1431460990435473
2014-02-16,True,0.2356719781974646
2014-02-17,True,0.1625929681690146
2014-02-18,False,0.2283576383799291
2014-02-19,True,0.1634300355591832
2014-02-20,True,0.4420117462190545
2014-02-21,False,0.2613016371130595
2014-02-22,True,0.2411498188386187
2014-02-23,False,0.1121930896963677
2014-02-24,False,0.1166384312293681
2014-02-25,True,0.1133904289561337
2014-02-26,False,0.01
2014-02-27,False,0.0192044260663575
2014-02-28,False,0.0662469579484803
2014-03-01,False,0.1252145065678754
2014-03-02,False,0.0361391595166889
2014-03-03,True,0.253266346236752
2014-03-04,False,0.2936709613283813
2014-03-05,False,0.1577259506773514
2014-03-06,False,0.01
2014-03-07,False,0.0677342109007586
2014-03-08,False,0.1577855170199435
2014-03-09,False,0.01
2014-03-10,False,0.1129025632075498
2014-03-11,True,0.01
2014-03-12,False,0.01
2014-03-13,True,0.01
2014-03-14,True,0.1258723428432539
2014-03-15,False,0.01
2014-03-16,True,0.2839596101656026
2014-03-17,False,0.0541928720977546
2014-03-18,False,0.3700289197402671
2014-03-19,False,0.01
2014-03-20,False,0.0115005265696053
2014-03-21,False,0.2827133684139684
2014-03-22,False,0.2007362756987403
2014-03-23,False,0.0842938068411544
2014-03-24,True,0.0692574672505721
2014-03-25,False,0.0829437819133861
2014-03-26,True,0.01
2014-03-27,False,0.0753116360444843
2014-03-28,False,0.0293421794988037
2014-03-29,True,0.01
2014-03-30,False,0.0824469351526144
2014-03-31,True,0.0843977372182208
2014-04-01,False,0.0702937953882938
2014-04-02,True,0.0485504768939082
2014-04-03,True,0.0493326502626016
2014-04-04,True,0.0703046012421213
2014-04-05,True,0.1496318466551172
2014-04-06,True,0.0984882105119553
2014-04-07,False,0.3172091194299029
2014-04-08,True,0.2284975763734247
2014-04-09,False,0.2105292203517724
2014-04-10,False,0.3372645258266241
2014-04-11,True,0.2431306381972977
2014-04-12,False,0.01
2014-04-13,False,0.01
2014-04-14,True,0.01
2014-04-15,True,0.1034131291006921
2014-04-16,True,0.2228423332780371
2014-04-17,False,0.0552021653778801
2014-04-18,True,0.1384048732286395
2014-04-19,False,0.3177373641472095
2014-04-20,False,0.2088040105227135
2014-04-21,True,0.01
2014-04-22,False,0.01
2014-04-23,True,0.2785519938657428
2014-04-24,True,0.0113096184411501
2014-04-25,False,0.1076323611895147
2014-04-26,False,0.1260228524904203
2014-04-27,False,0.0745057823513403
2014-04-28,False,0.01
2014-04-29,True,0.1836678128834158
2014-04-30,True,0.1923133587027152
2014-05-01,False,0.1478995759819953
2014-05-02,False,0.0219248833784597
2014-05-03,False,0.0915247119869175
2014-05-04,False,0.2415214973169396
2014-05-05,False,0.094171613480025
2014-05-06,False,0.01
2014-05-07,False,0.0172868223709585
2014-05-08,True,0.0475683979107313
2014-05-09,False,0.1863002026298401
2014-05-10,False,0.209652711088515
2014-05-11,True,0.1363040122587831
2014-05-12,False,0.053672024808711
2014-05-13,False,0.2667460058631549
2014-05-14,False,0.01
2014-05-15,True,0.0728898449375856
2014-05-16,False,0.1369475783352097
2014-05-17,False,0.0261519751879635
2014-05-18,False,0.1233626979827327
2014-05-19,True,0.0352476986663364
2014-05-20,False,0.0849984052280141
2014-05-21,False,0.01
2014-05-22,True,0.01
2014-05-23,True,0.050035670045021
2014-05-24,False,0.0501366890009838
2014-05-25,False,0.01
2014-05-26,True,0.01
2014-05-27,True,0.1248588119633171
2014-05-28,False,0.0532964822059434
2014-05-29,False,0.2001971206971739
2014-05-30,False,0.0443118066052668
2014-05-31,False,0.0730102718700515
2014-06-01,False,0.0552932933295317
2014-06-02,False,0.01
2014-06-03,False,0.01
2014-06-04,False,0.01
2014-06-05,False,0.0187504776517442
2014-06-06,False,0.01
2014-06-07,False,0.01
2014-06-08,False,0.01
2014-06-09,False,0.01
2014-06-10,False,0.0160011580527858
2014-06-11,False,0.0455269722457876
2014-06-12,False,0.0967645537809769
2014-06-13,False,0.01
2014-06-14,False,0.1392632672166241
2014-06-15,False,0.0290827195540688
2014-06-16,True,0.01
2014-06-17,False,0.1297563004374379
2014-06-18,False,0.0526748798619711
2014-06-19,False,0.1824982795996348
2014-06-20,False,0.0468200883218126
2014-06-21,False,0.1156438575427654
2014-06-22,False,0.01
2014-06-23,False,0.01
2014-06-24,False,0.1659663186621227
2014-06-25,False,0.0195440277073066
2014-06-26,False,0.0237990356884412
2014-06-27,False,0.01
2014-06-28,True,0.2005481727272564
2014-06-29,False,0.0380210744455987
2014-06-30,False,0.01
2014-07-01,False,0.01
2014-07-02,False,0.01
2014-07-03,False,0.049079925254602
2014-07-04,False,0.0438280904635207
2014-07-05,False,0.01
2014-07-06,False,0.3213177676890818
2014-07-07,False,0.0447689724382323
2014-07-08,False,0.1316959050326631
2014-07-09,False,0.01
2014-07-10,True,0.01
2014-07-11,True,0.0218557089407048
2014-07-12,False,0.0799925874310115
2014-07-13,False,0.01
2014-07-14,False,0.01
2014-07-15,True,0.2989424327389145
2014-07-16,False,0.01
2014-07-17,False,0.1107965426150013
2014-07-18,False,0.01
2014-07-19,False,0.0665027725683088
2014-07-20,False,0.0165463061295957
2014-07-21,True,0.0790547309350204
2014-07-22,False,0.01
2014-07-23,False,0.01
2014-07-24,False,0.2995452293284643
2014-07-25,False,0.0691195957977657
2014-07-26,False,0.161937225423903
2014-07-27,True,0.0404120330006323
2014-07-28,False,0.01
2014-07-29,False,0.01
2014-07-30,False,0.0392185131010413
2014-07-31,False,0.2792146302947383
2014-08-01,False,0.01
2014-08-02,False,0.0736403901475401
2014-08-03,False,0.01
2014-08-04,False,0.01
2014-08-05,False,0.1467902094091382
2014-08-06,False,0.0657367315539122
2014-08-07,False,0.1303495705856249
2014-08-08,False,0.1255612336386186
2014-08-09,False,0.0960579131492304
2014-08-10,True,0.0708911123931882
2014-08-11,False,0.0888357922146114
2014-08-12,False,0.0766210022491942
2014-08-13,False,0.01
2014-08-14,False,0.01
2014-08-15,False,0.01
2014-08-16,False,0.01
2014-08-17,False,0.0903209976874062
2014-08-18,False,0.01
2014-08-19,False,0.0882274080928872
2014-08-20,False,0.0390380969006523
2014-08-21,False,0.01
2014-08-22,True,0.1069938220927956
2014-08-23,False,0.01
2014-08-24,False,0.0420810090881114
2014-08-25,False,0.0549316008601544
2014-08-26,False,0.01
2014-08-27,True,0.01
2014-08-28,True,0.01
2014-08-29,True,0.0433514638316262
2014-08-30,False,0.01
2014-08-31,False,0.01
2014-09-01,False,0.1437281714759217
2014-09-02,True,0.0656968537568879
2014-09-03,False,0.047794580497881
2014-09-04,True,0.2813452776389962
2014-09-05,True,0.01
2014-09-06,False,0.1834445993900354
2014-09-07,False,0.1920774332255313
2014-09-08,False,0.0145529000071681
2014-09-09,True,0.0532722155573451
2014-09-10,False,0.01
2014-09-11,True,0.1003269095493176
2014-09-12,False,0.0571777049829723
2014-09-13,False,0.0979008695368299
2014-09-14,False,0.1315300668811518
2014-09-15,True,0.0347337067457092
2014-09-16,True,0.0817267215372089
2014-09-17,True,0.01
2014-09-18,False,0.0982871092691539
2014-09-19,False,0.01
2014-09-20,False,0.3442281315007351
2014-09-21,False,0.2700117128859088
2014-09-22,False,0.1129367466256081
2014-09-23,True,0.01
2014-09-24,True,0.1344881197730963
2014-09-25,False,0.117086848849326
2014-09-26,True,0.1149304810277855
2014-09-27,True,0.1177974601562339
2014-09-28,True,0.2802084996302946
2014-09-29,False,0.3263131375688937
2014-09-30,True,0.093532548509003
2014-10-01,True,0.3826226809234153
2014-10-02,False,0.2474396389393721
2014-10-03,True,0.0951260307929111
2014-10-04,True,0.1565168387480209
2014-10-05,False,0.3997164061519318
2014-10-06,False,0.2247463962689403
2014-10-07,True,0.054231227059557
2014-10-08,False,0.2013872733134397
2014-10-09,False,0.1376308718056337
2014-10-10,False,0.0254078533463865
2014-10-11,False,0.1029148778724601
2014-10-12,False,0.1743985830058314
2014-10-13,False,0.1095376090744361
2014-10-14,False,0.01
2014-10-15,False,0.0476963664883113
2014-10-16,False,0.1124906044831233
2014-10-17,False,0.0629222711392385
2014-10-18,False,0.01
2014-10-19,True,0.01
2014-10-20,False,0.01
2014-10-21,True,0.1345252595457686
2014-10-22,True,0.0712659771533588
2014-10-23,True,0.3145999681724117
2014-10-24,True,0.2331836372162554
2014-10-25,False,0.0173407216649653
2014-10-26,False,0.4088555199546085
2014-10-27,False,0.1632871391956293
2014-10-28,True,0.0496331589272926
2014-10-29,True,0.2487091004905479
2014-10-30,False,0.0454615453895959
2014-10-31,True,0.069478557044971
2014-11-01,False,0.1733846740315435
2014-11-02,True,0.1607394202627206
2014-11-03,False,0.0435052492512038
2014-11-04,True,0.2763484684025341
2014-11-05,True,0.2701657221170197
2014-11-06,False,0.2019718347984613
2014-11-07,True,0.0391020162733031
2014-11-08,True,0.2707002211085227
2014-11-09,False,0.2220434074932154
2014-11-10,False,0.1903037973409989
2014-11-11,False,0.1595292920195987
2014-11-12,False,0.054828704229133
2014-11-13,True,0.0964190764304028
2014-11-14,True,0.0298188268640144
2014-11-15,True,0.0542145344461408
2014-11-16,True,0.01
2014-11-17,False,0.2010019041636966
2014-11-18,True,0.1551321499959688
2014-11-19,True,0.3408559091751608
2014-11-20,False,0.305412674359721
2014-11-21,True,0.225890838905428
2014-11-22,False,0.1623735792827551
2014-11-23,True,0.2505196251157302
2014-11-24,False,0.1883892766351383
2014-11-25,True,0.1401946832556609
2014-11-26,True,0.0700892792421075
2014-11-27,False,0.0728421802668184
2014-11-28,False,0.1517398351330491
2014-11-29,False,0.0767817484989546
2014-11-30,True,0.257698275533849
2014-12-01,False,0.2103444749018073
2014-12-02,True,0.0247758897126207
2014-12-03,True,0.0578469270115711
2014-12-04,False,0.2277358181533717
2014-12-05,True,0.1108626614846781
2014-12-06,True,0.0986394329331046
2014-12-07,False,0.3626226824382287
2014-12-08,False,0.3298804721012043
2014-12-09,True,0.0576552348357844
2014-12-10,False,0.1950315586969544
2014-12-11,True,0.0380378673669466
2014-12-12,True,0.0157482806985916
2014-12-13,True,0.2575736153362598
2014-12-14,False,0.309743948867431
2014-12-15,True,0.1651563959731731
2014-12-16,True,0.2529562015827175
2014-12-17,False,0.286672426991583
2014-12-18,False,0.2711276963537837
2014-12-19,False,0.1205020363994294
2014-12-20,False,0.1446243421268823
2014-12-21,False,0.0708028536161901
2014-12-22,True,0.1031930953982101
2014-12-23,False,0.0156085713601282
2014-12-24,False,0.208415353480257
2014-12-25,True,0.01
2014-12-26,False,0.01
2014-12-27,True,0.2193379867858565
2014-12-28,True,0.01
2014-12-29,True,0.0953303799466549
2014-12-30,False,0.348802517064029
2014-12-31,True,0.0796087691954401
2015-01-01,True,0.2833462692681451
2015-01-02,True,0.1999910366026719
2015-01-03,True,0.3882181983294093
2015-01-04,True,0.3841910500741662
2015-01-05,True,0.2969539609225741
2015-01-06,False,0.4921478101176968
2015-01-07,True,0.4035344596064216
2015-01-08,True,0.1732591907048845
2015-01-09,True,0.3197043179303821
2015-01-10,True,0.1679345355128059
2015-01-11,True,0.2852947415252242
2015-01-12,True,0.0895219512153032
2015-01-13,True,0.4023937325852946
2015-01-14,True,0.3792272232759156
2015-01-15,True,0.3627388652558123
2015-01-16,True,0.2925595851728182
2015-01-17,False,0.4002779181775148
2015-01-18,False,0.4604451596350914
2015-01-19,False,0.2824886451732116
2015-01-20,False,0.3009414804649184
2015-01-21,False,0.0432121993722781
2015-01-22,True,0.0531387086374168
2015-01-23,True,0.01
2015-01-24,True,0.0856956177686629
2015-01-25,True,0.0780074601128841
2015-01-26,True,0.1987036174322096
2015-01-27,True,0.4235036579168334
2015-01-28,True,0.3795343152514833
2015-01-29,True,0.2830538786009443
2015-01-30,True,0.3890836060492364
2015-01-31,False,0.3565818521081954
2015-02-01,False,0.2244023380980922
2015-02-02,True,0.2182952140812385
2015-02-03,True,0.2446986266441257
2015-02-04,True,0.1762229545017225
2015-02-05,False,0.3023439442232047
2015-02-06,True,0.1582600965951508
2015-02-07,False,0.2599960007654729
2015-02-08,True,0.2277569992096592
2015-02-09,True,0.2458031031593601
2015-02-10,True,0.0591932902431708
2015-02-11,True,0.3021558731382431
2015-02-12,False,0.3224857208612275
2015-02-13,True,0.2494496604285696
2015-02-14,False,0.375823146404044
2015-02-15,True,0.2712188781009355
2015-02-16,False,0.1601742892343087
2015-02-17,False,0.124828462239691
2015-02-18,True,0.1135438843253072
2015-02-19,False,0.250701754857606
2015-02-20,True,0.01
2015-02-21,True,0.0402236542716522
2015-02-22,True,0.0724237402424568
2015-02-23,False,0.2513256941173942
2015-02-24,True,0.1398597881072065
2015-02-25,False,0.3907740964507443
2015-02-26,False,0.3092536487658097
2015-02-27,False,0.1277718768103522
2015-02-28,False,0.01
2015-03-01,False,0.022145821223575
2015-03-02,False,0.109402863609344
2015-03-03,True,0.01
2015-03-04,True,0.1249157682463718
2015-03-05,False,0.01
2015-03-06,True,0.1480092919319707
2015-03-07,True,0.1290817147753187
2015-03-08,True,0.2836820826056906
2015-03-09,True,0.1199275264284799
2015-03-10,False,0.0661185509603431
2015-03-11,False,0.1620734536117811
2015-03-12,True,0.2634044384018917
2015-03-13,True,0.2234369592941825
2015-03-14,False,0.1286995062135424
2015-03-15,False,0.01
2015-03-16,True,0.01
2015-03-17,False,0.1685082661927813
2015-03-18,False,0.1635469586711642
2015-03-19,True,0.0345631784965132
2015-03-20,True,0.0297466755534883
2015-03-21,True,0.2557095879064668
2015-03-22,True,0.01
2015-03-23,False,0.01
2015-03-24,False,0.3867483246812845
2015-03-25,False,0.1733293663208298
2015-03-26,True,0.1738576240447947
2015-03-27,True,0.01
2015-03-28,True,0.2217373458868782
2015-03-29,False,0.274304246727509
2015-03-30,True,0.1719457466992567
2015-03-31,True,0.2996800320808683
2015-04-01,True,0.3834441194921382
2015-04-02,False,0.1303215133094104
2015-04-03,True,0.232337438550562
2015-04-04,False,0.1793590777519929
2015-04-05,True,0.2346750856254144
2015-04-06,False,0.1189669911765706
2015-04-07,False,0.1679987391371178
2015-04-08,False,0.0900895358657759
2015-04-09,True,0.01
2015-04-10,True,0.01
2015-04-11,False,0.0143949419025419
2015-04-12,False,0.1073991751883093
2015-04-13,True,0.1980249745280332
2015-04-14,True,0.2021431261670908
2015-04-15,True,0.0725202595678267
2015-04-16,True,0.1458850915707976
2015-04-17,False,0.1706943352440739
2015-04-18,True,0.0452708926029402
2015-04-19,True,0.3912562484240618
2015-04-20,True,0.0629113553708274
2015-04-21,False,0.1958085989927262
2015-04-22,False,0.3488695909610386
2015-04-23,True,0.2076987316113863
2015-04-24,False,0.1964396098810761
2015-04-25,True,0.0542734043121601
2015-04-26,True,0.01
2015-04-27,True,0.1515540570989147
2015-04-28,True,0.1576988365238634
2015-04-29,False,0.2039623669984224
2015-04-30,False,0.0887376141558962
2015-05-01,False,0.1736649874067109
2015-05-02,False,0.1172468520194669
2015-05-03,False,0.01
2015-05-04,False,0.1153304172722269
2015-05-05,False,0.1771263581824754
2015-05-06,False,0.2040245856918407
2015-05-07,False,0.2561800324570398
2015-05-08,False,0.0333973537001087
2015-05-09,False,0.01
2015-05-10,False,0.0504541070482746
2015-05-11,True,0.01
2015-05-12,False,0.01
2015-05-13,True,0.1191689655919176
2015-05-14,False,0.1147723381816669
2015-05-15,False,0.0488503574061194
2015-05-16,False,0.01
2015-05-17,False,0.0941631631524057
2015-05-18,False,0.0680607962839458
2015-05-19,True,0.0975962235264848
2015-05-20,False,0.01
2015-05-21,False,0.01
2015-05-22,False,0.1315927925762093
2015-05-23,False,0.1051058641687182
2015-05-24,True,0.1243010381123979
2015-05-25,False,0.01
2015-05-26,True,0.01
2015-05-27,False,0.0580071379875212
2015-05-28,False,0.032212178352515
2015-05-29,False,0.01
2015-05-30,False,0.01
2015-05-31,False,0.01
2015-06-01,False,0.1067121041805563
2015-06-02,False,0.0466722784049075
2015-06-03,True,0.0698643522598472
2015-06-04,False,0.01
2015-06-05,False,0.1502326354382749
2015-06-06,False,0.0624187699052166
2015-06-07,False,0.01
2015-06-08,True,0.1104823608102222
2015-06-09,False,0.0943537569575815
2015-06-10,False,0.0883298150090104
2015-06-11,False,0.0151551317111994
2015-06-12,False,0.01
2015-06-13,False,0.01
2015-06-14,False,0.0221824071796856
2015-06-15,False,0.106725554801105
2015-06-16,False,0.01
2015-06-17,False,0.01
2015-06-18,False,0.0879740824160626
2015-06-19,False,0.01
2015-06-20,False,0.01
2015-06-21,False,0.1672261163613577
2015-06-22,False,0.185260208538711
2015-06-23,False,0.01
2015-06-24,True,0.01
2015-06-25,True,0.01
2015-06-26,True,0.0247666312490206
2015-06-27,False,0.1893036878726101
2015-06-28,False,0.0569797670453548
2015-06-29,False,0.0997103632762889
2015-06-30,False,0.01
2015-07-01,False,0.1887224738563935
2015-07-02,False,0.0288121493070203
2015-07-03,False,0.0829059379353442
2015-07-04,False,0.0106450928755971
2015-07-05,False,0.0215340572586731
2015-07-06,True,0.0479375779246367
2015-07-07,False,0.1533301547386381
2015-07-08,False,0.0403629174956589
2015-07-09,False,0.063891383730502
2015-07-10,False,0.0467656400962999
2015-07-11,True,0.1043982426641243
2015-07-12,False,0.01
2015-07-13,False,0.01
2015-07-14,False,0.103676288008059
2015-07-15,False,0.0918651374023806
2015-07-16,True,0.0220134555475542
2015-07-17,False,0.01
2015-07-18,False,0.0742299197109675
2015-07-19,False,0.0602035336017509
2015-07-20,False,0.01
2015-07-21,False,0.01
2015-07-22,False,0.1008280914736942
2015-07-23,False,0.0908512847245818
2015-07-24,False,0.1236552547710307
2015-07-25,False,0.0869962076778704
2015-07-26,False,0.01
2015-07-27,False,0.075994014638942
2015-07-28,False,0.01
2015-07-29,False,0.1402765858245575
2015-07-30,False,0.01
2015-07-31,False,0.01
2015-08-01,True,0.0426162594778863
2015-08-02,True,0.01
2015-08-03,False,0.1242617104488833
2015-08-04,False,0.0213195907281871
2015-08-05,True,0.0523613174183212
2015-08-06,False,0.2340183905389312
2015-08-07,False,0.0396728757755121
2015-08-08,True,0.01
2015-08-09,False,0.01
2015-08-10,False,0.0636412455469297
2015-08-11,True,0.01
2015-08-12,True,0.01
2015-08-13,False,0.2099100970607781
2015-08-14,False,0.01
2015-08-15,False,0.1783322819129276
2015-08-16,False,0.01
2015-08-17,False,0.0342519959229767
2015-08-18,False,0.01
2015-08-19,False,0.0704477528538898
2015-08-20,False,0.01
2015-08-21,False,0.040114715851213
2015-08-22,True,0.0571731130513421
2015-08-23,False,0.1208644106106288
2015-08-24,False,0.0652854630773705
2015-08-25,False,0.01
2015-08-26,False,0.046651916215698
2015-08-27,False,0.0620128191646623
2015-08-28,False,0.0237616964510458
2015-08-29,False,0.0346293156107356
2015-08-30,False,0.129537049813092
2015-08-31,False,0.1309403545758428
2015-09-01,False,0.01
2015-09-02,True,0.0475904549738032
2015-09-03,False,0.076276357669014
2015-09-04,False,0.2139055225863544
2015-09-05,False,0.1976161830327841
2015-09-06,True,0.0964714559738995
2015-09-07,True,0.01
2015-09-08,False,0.0646536500029136
2015-09-09,True,0.0738472822378041
2015-09-10,True,0.01
2015-09-11,False,0.272558937757365
2015-09-12,False,0.0419366854489422
2015-09-13,True,0.0270912086975116
2015-09-14,True,0.0408561553495226
2015-09-15,False,0.1580261369213367
2015-09-16,False,0.0874077827571487
2015-09-17,True,0.1272039593042574
2015-09-18,False,0.2011070748893328
2015-09-19,False,0.0949886382735024
2015-09-20,False,0.1922418637058452
2015-09-21,False,0.01
2015-09-22,False,0.0854740170341103
2015-09-23,True,0.0792294370489094
2015-09-24,False,0.01
2015-09-25,True,0.01
2015-09-26,True,0.0915486955664613
2015-09-27,False,0.0607358454426986
2015-09-28,False,0.3168419152368633
2015-09-29,False,0.2670187539865594
2015-09-30,False,0.01
2015-10-01,False,0.0801843158821566
2015-10-02,True,0.0700856257473824
2015-10-03,False,0.1540610318191561
2015-10-04,True,0.1120005801706998
2015-10-05,False,0.0403981072418856
2015-10-06,True,0.2824041331579432
2015-10-07,True,0.0808446618815746
2015-10-08,False,0.090594258742533
2015-10-09,False,0.0710129339030439
2015-10-10,True,0.01
2015-10-11,False,0.0991415947590138
2015-10-12,True,0.1961335056126621
2015-10-13,False,0.1423208231110519
2015-10-14,False,0.1226579603333674
2015-10-15,True,0.1221286324958423
2015-10-16,False,0.07240435519185
2015-10-17,False,0.1215798999406906
2015-10-18,False,0.01
2015-10-19,True,0.01
2015-10-20,True,0.0902748489353208
2015-10-21,True,0.01
2015-10-22,True,0.1196646733553923
2015-10-23,True,0.1646597388523602
2015-10-24,True,0.1618333107727573
2015-10-25,False,0.3882696586626866
2015-10-26,False,0.300095457500496
2015-10-27,False,0.1061752001901885
2015-10-28,False,0.0380279769989255
2015-10-29,True,0.0588863554320531
2015-10-30,True,0.0343890643373412
2015-10-31,True,0.0125129333190702
2015-11-01,True,0.0567808432445127
2015-11-02,False,0.1235032464819622
2015-11-03,False,0.1608606188438481
2015-11-04,True,0.1737063604705918
2015-11-05,False,0.189113269089011
2015-11-06,False,0.0480940801994308
2015-11-07,True,0.118588779195846
2015-11-08,False,0.1200650924135921
2015-11-09,False,0.01
2015-11-10,False,0.01
2015-11-11,False,0.0521953387420957
2015-11-12,False,0.1727625317093264
2015-11-13,True,0.1126323409163171
2015-11-14,False,0.067981305679405
2015-11-15,True,0.0768529989132299
2015-11-16,False,0.2151273004739745
2015-11-17,False,0.0310551785387081
2015-11-18,False,0.01
2015-11-19,False,0.0628481145908003
2015-11-20,False,0.1529106586990317
2015-11-21,False,0.01
2015-11-22,False,0.1000438449297481
2015-11-23,True,0.1922800092869059
2015-11-24,False,0.0721192707610523
2015-11-25,False,0.2052040214881486
2015-11-26,False,0.1256325284557827
2015-11-27,True,0.2517077172764633
2015-11-28,False,0.0221834688877268
2015-11-29,True,0.0651466194605204
2015-11-30,True,0.0886215045570456
2015-12-01,False,0.2825343112378314
2015-12-02,True,0.3350151627390108
2015-12-03,True,0.01
2015-12-04,True,0.1866057923166747
2015-12-05,False,0.1169297415758141
2015-12-06,True,0.1876646568823096
2015-12-07,True,0.3967330070474492
2015-12-08,False,0.2922821797384609
2015-12-09,False,0.0323910039248449
2015-12-10,True,0.2799508263120471
2015-12-11,False,0.10850260518893
2015-12-12,True,0.1103264940372703
2015-12-13,False,0.0812003062715587
2015-12-14,False,0.01
2015-12-15,True,0.2861604395534389
2015-12-16,True,0.01
2015-12-17,False,0.0543511032466598
2015-12-18,False,0.0608231701530788
2015-12-19,False,0.0851238385884589
2015-12-20,False,0.1178628721963534
2015-12-21,True,0.01
2015-12-22,False,0.1428064609217054
2015-12-23,False,0.01
2015-12-24,False,0.0717733724489839
2015-12-25,True,0.01
2015-12-26,False,0.01
2015-12-27,True,0.0651771344200488
2015-12-28,False,0.0104363869473174
2015-12-29,False,0.0888460707563212
2015-12-30,False,0.2219487603338208
2015-12-31,False,0.145988605758959
2016-01-01,True,0.01
2016-01-02,False,0.0247394348360057
2016-01-03,True,0.01
2016-01-04,False,0.064698783862745
2016-01-05,False,0.0884835581144385
2016-01-06,False,0.1705776322017669
2016-01-07,True,0.2534939084130355
2016-01-08,True,0.0786934312600348
2016-01-09,True,0.0379740474496629
2016-01-10,True,0.1027452863921247
2016-01-11,True,0.3112045537036432
2016-01-12,False,0.3101639671243643
2016-01-13,False,0.301291111098722
2016-01-14,False,0.2529555283111458
2016-01-15,False,0.2172285721483892
2016-01-16,False,0.2914253843547794
2016-01-17,True,0.0981803337262519
2016-01-18,True,0.0407632855633349
2016-01-19,False,0.0172771553740149
2016-01-20,False,0.01
2016-01-21,False,0.1636119847490955
2016-01-22,True,0.2320526011086207
2016-01-23,False,0.2778861443902165
2016-01-24,False,0.1401922903921685
2016-01-25,True,0.1851269216035795
2016-01-26,False,0.019402041346223
2016-01-27,False,0.180288259430788
2016-01-28,True,0.01
2016-01-29,True,0.01
2016-01-30,False,0.1822821626332013
2016-01-31,True,0.01
2016-02-01,False,0.0922994596888377
2016-02-02,True,0.2826945379605274
2016-02-03,True,0.1013276071521813
2016-02-04,True,0.250572669082206
2016-02-05,False,0.3193918508277334
2016-02-06,True,0.244729080677254
2016-02-07,True,0.3721667430141978
2016-02-08,False,0.3036053997525078
2016-02-09,True,0.1525421509903984
2016-02-10,True,0.1584705405707144
2016-02-11,False,0.2657048321475896
2016-02-12,False,0.3448774308331057
2016-02-13,True,0.0447656445306614
2016-02-14,True,0.1909166130920491
2016-02-15,False,0.2036098507416704
2016-02-16,False,0.0689053942327248
2016-02-17,False,0.2273434496449307
2016-02-18,False,0.072271151546055
2016-02-19,False,0.0977987846857459
2016-02-20,False,0.0722882462932524
2016-02-21,True,0.096549040980354
2016-02-22,False,0.01
2016-02-23,False,0.0553819902615264
2016-02-24,False,0.01
2016-02-25,False,0.01
2016-02-26,True,0.1126957627241904
2016-02-27,False,0.2364329307505258
2016-02-28,False,0.0332005173838414
2016-02-29,False,0.0483526133526142
2016-03-01,False,0.01
2016-03-02,False,0.01
2016-03-03,False,0.0329433864558987
2016-03-04,False,0.1596715273229884
2016-03-05,False,0.01
2016-03-06,False,0.0200673231848625
2016-03-07,True,0.0723750262294613
2016-03-08,False,0.0505505293658532
2016-03-09,False,0.1294578683105387
2016-03-10,True,0.1556253947967578
2016-03-11,True,0.1622868389948623
2016-03-12,False,0.1145654718083269
2016-03-13,False,0.0611473118517845
2016-03-14,True,0.0353278343057979
2016-03-15,False,0.2100918421945443
2016-03-16,False,0.1285923123769741
2016-03-17,False,0.0989914685611705
2016-03-18,True,0.0737255007539429
2016-03-19,False,0.01
2016-03-20,True,0.233105053020434
2016-03-21,True,0.0752196327221
2016-03-22,True,0.0909342922806514
2016-03-23,False,0.2577057109328502
2016-03-24,True,0.1782622947224709
2016-03-25,False,0.1740151018854557
2016-03-26,True,0.388530389649445
2016-03-27,True,0.1944571145980355
2016-03-28,True,0.01
2016-03-29,True,0.1388172077955927
2016-03-30,True,0.0517387240843298
2016-03-31,False,0.2667281049656729
2016-04-01,False,0.1717584911558929
2016-04-02,False,0.2460812056272683
2016-04-03,False,0.0136572776788983
2016-04-04,True,0.01
2016-04-05,True,0.01
2016-04-06,False,0.1576862222971469
2016-04-07,True,0.0897580510928296
2016-04-08,False,0.1451066229961231
2016-04-09,True,0.1147165341008307
2016-04-10,False,0.01
2016-04-11,False,0.1199922615398191
2016-04-12,False,0.0788041089284492
2016-04-13,True,0.0199437346912271
2016-04-14,False,0.0985838086020875
2016-04-15,False,0.0970755608358343
2016-04-16,False,0.0779707371046821
2016-04-17,False,0.0322117862297425
2016-04-18,False,0.0333238004385635
2016-04-19,True,0.01
2016-04-20,True,0.01
2016-04-21,False,0.1819710727915891
2016-04-22,False,0.01
2016-04-23,True,0.052302853441988
2016-04-24,True,0.2436466875770588
2016-04-25,False,0.1947938820380896
2016-04-26,False,0.01
2016-04-27,False,0.01
2016-04-28,False,0.092634246014221
2016-04-29,False,0.01
2016-04-30,True,0.01
2016-05-01,False,0.1448999906665609
2016-05-02,False,0.0510355264342455
2016-05-03,False,0.1320216339539622
2016-05-04,False,0.2548437487303606
2016-05-05,False,0.01
2016-05-06,False,0.01
2016-05-07,False,0.0767331041589016
2016-05-08,False,0.2319191093918149
2016-05-09,False,0.100799267329279
2016-05-10,False,0.0245677682477969
2016-05-11,False,0.098131626174737
2016-05-12,False,0.0122619151868942
2016-05-13,False,0.01
2016-05-14,False,0.0265761600598236
2016-05-15,False,0.01
2016-05-16,False,0.01
2016-05-17,False,0.1942222662851687
2016-05-18,False,0.01
2016-05-19,False,0.1868523630506822
2016-05-20,False,0.098100956130914
2016-05-21,False,0.0346955356750531
2016-05-22,True,0.01
2016-05-23,False,0.1778880871128798
2016-05-24,False,0.0999216675990945
2016-05-25,False,0.01
2016-05-26,False,0.1444448014454285
2016-05-27,False,0.01
2016-05-28,False,0.0953467039591207
2016-05-29,False,0.0806413471029656
2016-05-30,False,0.01
2016-05-31,True,0.0825894755870464
2016-06-01,False,0.0197973334157072
2016-06-02,False,0.0316384515079658
2016-06-03,False,0.01
2016-06-04,False,0.0823752823551447
2016-06-05,False,0.01
2016-06-06,False,0.0597789247374198
2016-06-07,False,0.061043228354801
2016-06-08,False,0.093639530017151
2016-06-09,False,0.01
2016-06-10,False,0.0760920381469747
2016-06-11,False,0.0623204617108401
2016-06-12,False,0.1793061432232665
2016-06-13,False,0.1867485457164537
2016-06-14,False,0.01
2016-06-15,True,0.1126644955269412
2016-06-16,False,0.0708356677832766
2016-06-17,False,0.0868824640996527
2016-06-18,False,0.1158333828771456
2016-06-19,False,0.0484744083581109
2016-06-20,True,0.01
2016-06-21,False,0.1219599738537862
2016-06-22,True,0.01
2016-06-23,True,0.0192145174495619
2016-06-24,True,0.056152713711373
2016-06-25,False,0.053940044181029
2016-06-26,False,0.0680393182706699
2016-06-27,False,0.1591324710649498
2016-06-28,True,0.01
2016-06-29,False,0.1042044653546175
2016-06-30,False,0.0947309222444971
2016-07-01,False,0.01
2016-07-02,False,0.0255553634235427
2016-07-03,False,0.01
2016-07-04,False,0.01
2016-07-05,False,0.01
2016-07-06,False,0.01
2016-07-07,False,0.082548944681108
2016-07-08,False,0.0105646892527723
2016-07-09,True,0.1469549675233205
2016-07-10,False,0.0813346873294214
2016-07-11,True,0.1014043796037184
2016-07-12,False,0.0318592865438976
2016-07-13,False,0.01
2016-07-14,True,0.1598881805715979
2016-07-15,False,0.08644609806861
2016-07-16,False,0.0823863777409713
2016-07-17,False,0.0404180595848654
2016-07-18,False,0.065966791676983
2016-07-19,False,0.0585649769640054
2016-07-20,False,0.0766606000571252
2016-07-21,False,0.0987754143995092
2016-07-22,False,0.232776730056383
2016-07-23,False,0.0747432483615068
2016-07-24,False,0.01
2016-07-25,False,0.0687738909583022
2016-07-26,False,0.01
2016-07-27,False,0.01
2016-07-28,False,0.0547237551598049
2016-07-29,False,0.01
2016-07-30,False,0.195503925310143
2016-07-31,False,0.1308864977095397
2016-08-01,True,0.01
2016-08-02,False,0.046320825105781
2016-08-03,False,0.0190204731941345
2016-08-04,False,0.1979668181113391
2016-08-05,False,0.0388860250250559
2016-08-06,False,0.01
2016-08-07,False,0.01
2016-08-08,True,0.01
2016-08-09,False,0.2126556786787459
2016-08-10,False,0.1924054131913677
2016-08-11,False,0.1379476380640911
2016-08-12,False,0.1544684847705447
2016-08-13,False,0.1751924167599046
2016-08-14,False,0.01
2016-08-15,False,0.0821987513928916
2016-08-16,False,0.0481730967497762
2016-08-17,False,0.0104478688934926
2016-08-18,False,0.0505524888712591
2016-08-19,False,0.01
2016-08-20,False,0.01
2016-08-21,False,0.1783372467057017
2016-08-22,False,0.0475022855361479
2016-08-23,False,0.1537724942192493
2016-08-24,True,0.0216631840402229
2016-08-25,True,0.1696412645901087
2016-08-26,False,0.0596278693051656
2016-08-27,True,0.11803114669858
2016-08-28,False,0.1098103040054959
2016-08-29,True,0.2892710082372175
2016-08-30,False,0.1610215592103344
2016-08-31,False,0.1258848432413335
2016-09-01,True,0.058764780592121
2016-09-02,False,0.1299380663723085
2016-09-03,True,0.1191745736411897
2016-09-04,False,0.0342588145538495
2016-09-05,False,0.0654231090004283
2016-09-06,False,0.0868062710876427
2016-09-07,True,0.0546530742178467
2016-09-08,False,0.138033409698374
2016-09-09,False,0.01
2016-09-10,False,0.0148530179855161
2016-09-11,False,0.01
2016-09-12,False,0.01
2016-09-13,False,0.0836124328974818
2016-09-14,False,0.095629448499431
2016-09-15,False,0.0502883054926289
2016-09-16,True,0.0838423943232471
2016-09-17,True,0.1799302246518743
2016-09-18,True,0.01
2016-09-19,False,0.14476818277476
2016-09-20,True,0.1258450849283703
2016-09-21,False,0.2912310375440115
2016-09-22,False,0.1633417181056794
2016-09-23,False,0.1239079851940724
2016-09-24,False,0.0218540276437941
2016-09-25,False,0.1311497887549213
2016-09-26,False,0.096007310471233
2016-09-27,True,0.0639136857284078
2016-09-28,True,0.0967943873320334
2016-09-29,True,0.0763824517153167
2016-09-30,False,0.1424801226526292
2016-10-01,True,0.01
2016-10-02,True,0.174278905295126
2016-10-03,False,0.2832752237049314
2016-10-04,False,0.1830784885011113
2016-10-05,False,0.0536047750015975
2016-10-06,False,0.0834277744790572
2016-10-07,False,0.1632008862006299
2016-10-08,True,0.0130532479660522
2016-10-09,False,0.01
2016-10-10,False,0.0694222513411477
2016-10-11,True,0.01
2016-10-12,True,0.01
2016-10-13,True,0.237996515737252
2016-10-14,True,0.01
2016-10-15,True,0.1939167295237652
2016-10-16,True,0.3717007963401939
2016-10-17,True,0.3439240725634174
2016-10-18,True,0.2666901380260175
2016-10-19,False,0.4119154593599207
2016-10-20,False,0.3927408080830672
2016-10-21,False,0.1444587134585049
2016-10-22,False,0.1786010702146569
2016-10-23,False,0.2439159212454098
2016-10-24,False,0.01
2016-10-25,False,0.0594916209805503
2016-10-26,False,0.3081245206413185
2016-10-27,False,0.01
2016-10-28,True,0.1738546092838783
2016-10-29,False,0.0958593950319193
2016-10-30,False,0.01
2016-10-31,True,0.012551621350161
2016-11-01,True,0.1415839885250396
2016-11-02,True,0.1746751787384488
2016-11-03,False,0.01
2016-11-04,True,0.1686557504171631
2016-11-05,True,0.219020223961731
2016-11-06,True,0.377828807994466
2016-11-07,True,0.01
2016-11-08,True,0.12192293852524
2016-11-09,True,0.2810585127916551
2016-11-10,True,0.2326063674670357
2016-11-11,True,0.2592589997486113
2016-11-12,True,0.325629835322067
2016-11-13,True,0.2552677241574307
2016-11-14,True,0.3349418800550563
2016-11-15,False,0.2425595438898074
2016-11-16,False,0.2272954807411652
2016-11-17,False,0.2876326181183432
2016-11-18,True,0.1053660240341447
2016-11-19,False,0.0455079212569739
2016-11-20,True,0.1223804726232938
2016-11-21,True,0.0918171927461772
2016-11-22,True,0.027389530582151
2016-11-23,False,0.3533461046082473
2016-11-24,True,0.2918750003790242
2016-11-25,False,0.305201021496936
2016-11-26,False,0.2443798449734514
2016-11-27,True,0.1948414167910666
2016-11-28,True,0.2880379261008263
2016-11-29,True,0.2112572044264633
2016-11-30,True,0.1154743109857932
2016-12-01,True,0.2128576707957498
2016-12-02,False,0.316733010925478
2016-12-03,False,0.2092287332413011
2016-12-04,True,0.2230397319662204
2016-12-05,True,0.3085604111033245
2016-12-06,False,0.2720329109861417
2016-12-07,True,0.2122179624408631
2016-12-08,False,0.0845368247908134
2016-12-09,True,0.23738731129054
2016-12-10,False,0.1782521261375694
2016-12-11,True,0.1349557238061772
2016-12-12,True,0.2923537686557327
2016-12-13,True,0.1433276541406272
2016-12-14,False,0.1123321542033849
2016-12-15,True,0.2666563976253157
2016-12-16,True,0.2039431535620943
2016-12-17,True,0.1731580513479694
2016-12-18,False,0.339604573593143
2016-12-19,True,0.2509523167477133
2016-12-20,True,0.2206555568696176
2016-12-21,True,0.2750657843189848
2016-12-22,True,0.2964297466252942
2016-12-23,False,0.2105721434528257
2016-12-24,True,0.2318554136142585
2016-12-25,False,0.3087069146391613
2016-12-26,True,0.2427097423663113
2016-12-27,False,0.1628557147089904
2016-12-28,True,0.0551512733153249
2016-12-29,False,0.1578851697418185
2016-12-30,True,0.01
2016-12-31,True,0.1948718298134596
2017-01-01,False,0.0553042973457203
2017-01-02,True,0.2047800498477016
2017-01-03,False,0.01
2017-01-04,False,0.1774112755684351
2017-01-05,True,0.1679639716527809
2017-01-06,True,0.0104220993560518
2017-01-07,False,0.1770985375882885
2017-01-08,True,0.1169637595257737
2017-01-09,True,0.1387956724881454
2017-01-10,False,0.3457393090092341
2017-01-11,True,0.1485797014755878
2017-01-12,True,0.1371643913556277
2017-01-13,True,0.2376528678188816
2017-01-14,True,0.1360340725367652
2017-01-15,False,0.0928679288886867
2017-01-16,False,0.3364231139636431
2017-01-17,True,0.2688416853937306
2017-01-18,True,0.2699485086183871
2017-01-19,True,0.3125583348406314
2017-01-20,True,0.0263805402272604
2017-01-21,True,0.3425206012750013
2017-01-22,False,0.413521055321157
2017-01-23,False,0.2712050487407892
2017-01-24,False,0.4012974541191327
2017-01-25,True,0.2073386875499881
2017-01-26,False,0.01
2017-01-27,False,0.01
2017-01-28,False,0.01
2017-01-29,True,0.1332078520251304
2017-01-30,True,0.0200155651722893
2017-01-31,True,0.01
2017-02-01,False,0.026437308124298
2017-02-02,False,0.1744688292423568
2017-02-03,True,0.2948486139808686
2017-02-04,True,0.2593763583481117
2017-02-05,False,0.2558778947234303
2017-02-06,False,0.01
2017-02-07,True,0.1095078675400472
2017-02-08,False,0.1509862395749537
2017-02-09,False,0.017354519675955
2017-02-10,True,0.01
2017-02-11,False,0.054562027139092
2017-02-12,True,0.26153772980615
2017-02-13,False,0.01
2017-02-14,True,0.0673521339733418
2017-02-15,True,0.1831608473549762
2017-02-16,False,0.3149550460068087
2017-02-17,False,0.1645364605007456
2017-02-18,True,0.1650927163866951
2017-02-19,False,0.3067661801024474
2017-02-20,True,0.0600628340019476
2017-02-21,False,0.1193229381134158
2017-02-22,False,0.1742323254487787
2017-02-23,True,0.1753993473748426
2017-02-24,False,0.1007109522049112
2017-02-25,False,0.0475070219927869
2017-02-26,False,0.0757720237501962
2017-02-27,False,0.0376522785019661
2017-02-28,False,0.01
2017-03-01,True,0.0210654764853183
2017-03-02,True,0.01
2017-03-03,True,0.1485111688379756
2017-03-04,True,0.0885876200273523
2017-03-05,True,0.1197783400928638
2017-03-06,True,0.2751721260379539
2017-03-07,True,0.413187095362113
2017-03-08,True,0.2419683645160935
2017-03-09,True,0.3672378074107929
2017-03-10,False,0.2655667435509607
2017-03-11,False,0.390784595312568
2017-03-12,True,0.3376049199616471
2017-03-13,True,0.0710181396639922
2017-03-14,True,0.256701394176043
2017-03-15,True,0.1517854260030792
2017-03-16,False,0.2885432255173953
2017-03-17,True,0.3465547860390577
2017-03-18,True,0.3454397697379191
2017-03-19,True,0.2026594493158779
2017-03-20,True,0.1320081366201905
2017-03-21,True,0.2089991298698788
2017-03-22,True,0.2005271708502056
2017-03-23,True,0.2208572484876472
2017-03-24,True,0.2318918787894409
2017-03-25,True,0.3981458334316319
2017-03-26,True,0.2669805447640013
2017-03-27,True,0.3685591865093844
2017-03-28,True,0.4095495080199945
2017-03-29,True,0.2030444029595079
2017-03-30,False,0.3756945508510673
2017-03-31,False,0.2641829638068272
2017-04-01,False,0.0535970415221008
2017-04-02,False,0.1350759932292718
2017-04-03,False,0.1026464469444575
2017-04-04,False,0.1409676564695783
2017-04-05,True,0.01
2017-04-06,True,0.0636200118238324
2017-04-07,True,0.01
2017-04-08,True,0.1005855454411646
2017-04-09,False,0.1564975239140795
2017-04-10,False,0.2730764475128678
2017-04-11,True,0.1682519538793745
2017-04-12,False,0.0829036799950926
2017-04-13,True,0.0484620577709608
2017-04-14,True,0.0679261672462556
2017-04-15,False,0.0468947663011699
2017-04-16,False,0.01
2017-04-17,False,0.0633654150759031
2017-04-18,False,0.0996297697413196
2017-04-19,False,0.1445128063517789
2017-04-20,False,0.0433030518693683
2017-04-21,True,0.0705600206411045
2017-04-22,True,0.1758440193852811
2017-04-23,True,0.0519267622593158
2017-04-24,False,0.0235634807661066
2017-04-25,True,0.1033832439061976
2017-04-26,True,0.1740588234488179
2017-04-27,True,0.2438943532524813
2017-04-28,True,0.1284623606112331
2017-04-29,False,0.0877626239710405
2017-04-30,True,0.3150894242662663
2017-05-01,False,0.1852247593968167
2017-05-02,False,0.2252512757215303
2017-05-03,False,0.01
2017-05-04,False,0.01
2017-05-05,False,0.1280533691469619
2017-05-06,False,0.01
2017-05-07,False,0.2318407210125269
2017-05-08,False,0.1479412129943018
2017-05-09,False,0.01
2017-05-10,False,0.0822248029375319
2017-05-11,False,0.01
2017-05-12,False,0.1284254959360757
2017-05-13,False,0.0109833654703943
2017-05-14,False,0.1196429324503389
2017-05-15,False,0.0900234132740047
2017-05-16,False,0.0526014121085055
2017-05-17,False,0.01
2017-05-18,False,0.0489435009014001
2017-05-19,False,0.0118782082204051
2017-05-20,False,0.1586261778350368
2017-05-21,True,0.0791437814312508
2017-05-22,False,0.01
2017-05-23,False,0.01
2017-05-24,False,0.0891187634125063
2017-05-25,False,0.01
2017-05-26,True,0.01
2017-05-27,False,0.0907585695161554
2017-05-28,False,0.1429229285080631
2017-05-29,False,0.0840230551351446
2017-05-30,False,0.01
2017-05-31,False,0.1305190736656858
2017-06-01,False,0.1156243284829285
2017-06-02,False,0.01
2017-06-03,False,0.0459500951831943
2017-06-04,False,0.0940915544975495
2017-06-05,False,0.01
2017-06-06,False,0.0169320737984417
2017-06-07,False,0.01
2017-06-08,False,0.01
2017-06-09,False,0.184947735344044
2017-06-10,False,0.01
2017-06-11,False,0.01
2017-06-12,False,0.2383136536333577
2017-06-13,False,0.01
2017-06-14,False,0.01
2017-06-15,False,0.2023973187616163
2017-06-16,False,0.1222672573700891
2017-06-17,False,0.01
2017-06-18,False,0.0522486181738399
2017-06-19,False,0.0330556779716548
2017-06-20,False,0.01
2017-06-21,False,0.01
2017-06-22,True,0.1279221252781887
2017-06-23,True,0.1094496621145149
2017-06-24,False,0.0524217407959101
2017-06-25,False,0.1372626564679013
2017-06-26,False,0.0808593788476464
2017-06-27,False,0.01
2017-06-28,False,0.01
2017-06-29,False,0.01
2017-06-30,False,0.0450074734510249
2017-07-01,False,0.01
2017-07-02,True,0.01
2017-07-03,False,0.1138500955353098
2017-07-04,False,0.1344718179057623
2017-07-05,False,0.0473526227129985
2017-07-06,False,0.1746716045036813
2017-07-07,False,0.01
2017-07-08,False,0.0328271006476378
2017-07-09,False,0.0535438298028841
2017-07-10,False,0.0553070438894724
2017-07-11,False,0.0354175881491439
2017-07-12,False,0.0954198441186823
2017-07-13,False,0.01
2017-07-14,False,0.01
2017-07-15,False,0.0652562456646599
2017-07-16,True,0.0743593452364625
2017-07-17,False,0.0732056356913479
2017-07-18,False,0.1351704424482099
2017-07-19,False,0.0131054134675089
2017-07-20,False,0.01
2017-07-21,False,0.0927581243719434
2017-07-22,True,0.01
2017-07-23,False,0.0545848640544339
2017-07-24,False,0.0573651503984245
2017-07-25,False,0.1505836134952585
2017-07-26,False,0.1834771736313183
2017-07-27,False,0.0289802292669043
2017-07-28,False,0.01
2017-07-29,False,0.0138149900328342
2017-07-30,False,0.1057461965065829
2017-07-31,False,0.01
2017-08-01,False,0.01
2017-08-02,False,0.1528058400712234
2017-08-03,False,0.0483585153929855
2017-08-04,True,0.0416731832921434
2017-08-05,False,0.01
2017-08-06,False,0.0271649559220568
2017-08-07,False,0.01
2017-08-08,False,0.01
2017-08-09,False,0.0270302020140264
2017-08-10,False,0.0192892431272468
2017-08-11,False,0.1975444756933005
2017-08-12,False,0.1996540167114938
2017-08-13,False,0.1460843627290799
2017-08-14,True,0.0251403441876618
2017-08-15,False,0.1026962201446756
2017-08-16,False,0.0767979346966182
2017-08-17,True,0.01
2017-08-18,True,0.3207659437703374
2017-08-19,False,0.01
2017-08-20,False,0.0854068901796076
2017-08-21,False,0.1350430900627189
2017-08-22,True,0.1249977860364557
2017-08-23,False,0.0700242596430785
2017-08-24,False,0.0815954711306425
2017-08-25,False,0.1860168222085653
2017-08-26,False,0.0712544846136784
2017-08-27,False,0.0378573187381684
2017-08-28,False,0.0755656012490913
2017-08-29,False,0.1388279868877265
2017-08-30,False,0.125490709459608
2017-08-31,False,0.01
2017-09-01,False,0.0175231221648188
2017-09-02,True,0.11860141181276
2017-09-03,False,0.1528490387807501
2017-09-04,True,0.01
2017-09-05,False,0.0225427630429239
2017-09-06,False,0.01
2017-09-07,True,0.03660610989876
2017-09-08,True,0.1461741597696815
2017-09-09,False,0.1244361695540254
2017-09-10,True,0.01
2017-09-11,True,0.0804995390210313
2017-09-12,False,0.3187216216696749
2017-09-13,False,0.279130232258755
2017-09-14,False,0.01
2017-09-15,False,0.0442170148099569
2017-09-16,False,0.0583475483770714
2017-09-17,False,0.0654686562992614
2017-09-18,True,0.0374142609504308
2017-09-19,False,0.01
2017-09-20,True,0.1292628068131266
2017-09-21,False,0.01
2017-09-22,False,0.0991292459140912
2017-09-23,False,0.043125808896967
2017-09-24,False,0.0160627840097327
2017-09-25,False,0.1736544986642893
2017-09-26,False,0.0749290799564757
2017-09-27,False,0.115669004738766
2017-09-28,False,0.0932031643857402
2017-09-29,True,0.0940276372171049
2017-09-30,False,0.0550274536866499
2017-10-01,False,0.1047793530554585
2017-10-02,True,0.0473092164654544
2017-10-03,False,0.01
2017-10-04,True,0.0570713541660747
2017-10-05,True,0.0359109442578194
2017-10-06,False,0.0684272548830236
2017-10-07,True,0.1179561821420725
2017-10-08,True,0.1039793497595758
2017-10-09,True,0.2854358145106074
2017-10-10,True,0.0737122916388744
2017-10-11,False,0.1362008482614142
2017-10-12,False,0.2489702314325093
2017-10-13,False,0.144422068494763
2017-10-14,False,0.331636180853597
2017-10-15,True,0.01
2017-10-16,True,0.2412205003203019
2017-10-17,True,0.0989309316496566
2017-10-18,True,0.01
2017-10-19,False,0.3059495180667246
2017-10-20,False,0.2919393700104713
2017-10-21,False,0.1727046070104955
2017-10-22,True,0.1015635237048099
2017-10-23,False,0.0162542608993258
2017-10-24,False,0.1355436765117552
2017-10-25,False,0.1242986762633316
2017-10-26,True,0.01
2017-10-27,True,0.0963293326528148
2017-10-28,True,0.01
2017-10-29,False,0.11518620912579
2017-10-30,True,0.1740392876951047
2017-10-31,False,0.2508322800061283
2017-11-01,True,0.2000111325744917
2017-11-02,False,0.0973617658789715
2017-11-03,False,0.01
2017-11-04,False,0.1862956726874981
2017-11-05,False,0.01
2017-11-06,False,0.01
2017-11-07,True,0.1135453128258777
2017-11-08,False,0.0737401160064964
2017-11-09,True,0.0118462595253517
2017-11-10,True,0.01
2017-11-11,True,0.130697378560861
2017-11-12,True,0.1916605903784084
2017-11-13,True,0.349610637077299
2017-11-14,True,0.3216320190156078
2017-11-15,False,0.3265499857877293
2017-11-16,False,0.1822404765505981
2017-11-17,True,0.2060253597810977
2017-11-18,False,0.192810700623379
2017-11-19,True,0.01
2017-11-20,True,0.1935913998772117
2017-11-21,True,0.1494191854740708
2017-11-22,True,0.1900341060607465
2017-11-23,False,0.0918110509394816
2017-11-24,False,0.2161382160151287
2017-11-25,True,0.2419366796047842
2017-11-26,False,0.1257669586187954
2017-11-27,False,0.0845716924246763
2017-11-28,False,0.231397195092452
2017-11-29,True,0.0422887960223384
2017-11-30,True,0.0129463632026512
2017-12-01,True,0.0511191516077957
2017-12-02,True,0.0907200024716832
2017-12-03,False,0.1944659484364004
2017-12-04,True,0.1776275980585832
2017-12-05,True,0.403659377727824
2017-12-06,True,0.2757241401579131
2017-12-07,False,0.1797812418413677
2017-12-08,True,0.1909575820307717
2017-12-09,True,0.1778023251771515
2017-12-10,True,0.2225963414694123
2017-12-11,True,0.2564059995434039
2017-12-12,True,0.2737052319559084
2017-12-13,False,0.2969068375272227
2017-12-14,True,0.3385610156478545
2017-12-15,False,0.2446949946404757
2017-12-16,True,0.3731057942051615
2017-12-17,True,0.108140434441641
2017-12-18,True,0.01
2017-12-19,True,0.2269401970170303
2017-12-20,True,0.2392632998597625
2017-12-21,True,0.4675237593792899
2017-12-22,True,0.3400959215736325
2017-12-23,True,0.3080130105641905
2017-12-24,True,0.3456043023514061
2017-12-25,True,0.3496254126936784
2017-12-26,True,0.348436564245956
2017-12-27,True,0.4236776289604376
2017-12-28,True,0.373184321012116
2017-12-29,False,0.3472827884712254
2017-12-30,False,0.2636285580259865
2017-12-31,False,0.2654627606562569
